counter1,OutcropSystem,SampCircle,SampCircleID,Plant,PlantID,FlwPos,FlowerID,rep,MeasureID,NDehAnth,Herkogamy.mm,PistilLength.mm,SepalLength.mm,SpurLength.mm,counter2
25,QBED1,1,QBED1-1,1*,QBED1-1-1*,31,QBED1-1-1*-31,1,QBED1-1-1*-1,20,3.92,20.7,14.94,31.48,25
26,QBED1,1,QBED1-1,1*,QBED1-1-1*,31,QBED1-1-1*-31,2,QBED1-1-1*-2,20,3.64,20.58,14.78,31.12,26
1,QBED1,1,QBED1-1,2,QBED1-1-2,1,QBED1-1-2-1,1,QBED1-1-2-1,24,5.16,20,14.51,29.4,1
2,QBED1,1,QBED1-1,2,QBED1-1-2,1,QBED1-1-2-1,2,QBED1-1-2-2,24,5.28,20.09,14.74,29.46,2
3,QBED1,1,QBED1-1,3,QBED1-1-3,21,QBED1-1-3-21,1,QBED1-1-3-1,15,0,16.53,16.98,31.58,3
4,QBED1,1,QBED1-1,3,QBED1-1-3,21,QBED1-1-3-21,2,QBED1-1-3-2,15,0,16.04,16.85,31.05,4
5,QBED1,1,QBED1-1,4,QBED1-1-4,211,QBED1-1-4-211,1,QBED1-1-4-1,14,1.33,19.55,14.66,32.36,5
6,QBED1,1,QBED1-1,4,QBED1-1-4,211,QBED1-1-4-211,2,QBED1-1-4-2,14,1.48,19.68,14.68,31.5,6
27,QBED1,1,QBED1-1,43*,QBED1-1-43*,1,QBED1-1-43*-1,1,QBED1-1-43*-1,30,6.77,21.81,15.51,30.61,27
28,QBED1,1,QBED1-1,43*,QBED1-1-43*,1,QBED1-1-43*-1,2,QBED1-1-43*-2,30,6.4,21.88,15.45,30.65,28
7,QBED1,1,QBED1-1,49,QBED1-1-49,41,QBED1-1-49-41,1,QBED1-1-49-1,20,4.94,21.82,18.96,30.94,7
8,QBED1,1,QBED1-1,49,QBED1-1-49,41,QBED1-1-49-41,2,QBED1-1-49-2,20,5.32,21.16,19.13,30.94,8
9,QBED1,1,QBED1-1,50,QBED1-1-50,1,QBED1-1-50-1,1,QBED1-1-50-1,14,3.83,16.73,14.4,28.24,9
10,QBED1,1,QBED1-1,50,QBED1-1-50,1,QBED1-1-50-1,2,QBED1-1-50-2,14,3.87,17.38,14.98,28.13,10
11,QBED1,1,QBED1-1,51,QBED1-1-51,1,QBED1-1-51-1,1,QBED1-1-51-1,12,5.12,18.51,14.73,29.29,11
12,QBED1,1,QBED1-1,51,QBED1-1-51,1,QBED1-1-51-1,2,QBED1-1-51-2,12,5.85,17.78,15.33,29.24,12
13,QBED1,1,QBED1-1,52,QBED1-1-52,1,QBED1-1-52-1,1,QBED1-1-52-1,19,2.12,17.43,12.39,29.31,13
14,QBED1,1,QBED1-1,52,QBED1-1-52,1,QBED1-1-52-1,2,QBED1-1-52-2,19,2.1,17.41,12.77,29.74,14
15,QBED1,1,QBED1-1,53,QBED1-1-53,21,QBED1-1-53-21,1,QBED1-1-53-1,13,2.05,17.92,12.65,31.99,15
16,QBED1,1,QBED1-1,53,QBED1-1-53,21,QBED1-1-53-21,2,QBED1-1-53-2,13,2.3,17.51,13.47,32.69,16
29,QBED1,1,QBED1-1,6*,QBED1-1-6*,1,QBED1-1-6*-1,1,QBED1-1-6*-1,17,2.97,20.42,15.73,29.28,29
30,QBED1,1,QBED1-1,6*,QBED1-1-6*,1,QBED1-1-6*-1,2,QBED1-1-6*-2,17,2.88,19.5,16.27,29.37,30
17,QBED1,1,QBED1-1,61,QBED1-1-61,1,QBED1-1-61-1,1,QBED1-1-61-1,28,1.88,18.81,14.87,31.18,17
18,QBED1,1,QBED1-1,61,QBED1-1-61,1,QBED1-1-61-1,2,QBED1-1-61-2,28,1.84,18.88,14.96,31.14,18
19,QBED1,1,QBED1-1,62,QBED1-1-62,21,QBED1-1-62-21,1,QBED1-1-62-1,20,3.95,20.69,16.13,34.4,19
20,QBED1,1,QBED1-1,62,QBED1-1-62,21,QBED1-1-62-21,2,QBED1-1-62-2,20,4.33,20.47,16.35,34.38,20
21,QBED1,1,QBED1-1,64,QBED1-1-64,41,QBED1-1-64-41,1,QBED1-1-64-1,22,3.5,20.28,13.2,28.94,21
22,QBED1,1,QBED1-1,64,QBED1-1-64,41,QBED1-1-64-41,2,QBED1-1-64-2,22,3.49,20.09,13.01,29.08,22
23,QBED1,1,QBED1-1,65,QBED1-1-65,1,QBED1-1-65-1,1,QBED1-1-65-1,17,3.92,19.3,14,30.19,23
24,QBED1,1,QBED1-1,65,QBED1-1-65,1,QBED1-1-65-1,2,QBED1-1-65-2,17,4.06,19.48,14.44,30.3,24
31,QBED1,1,QBED1-1,N2,QBED1-1-N2,31,QBED1-1-N2-31,1,QBED1-1-N2-1,18,2.13,19.65,17.77,33.54,31
32,QBED1,1,QBED1-1,N2,QBED1-1-N2,31,QBED1-1-N2-31,2,QBED1-1-N2-2,18,2.77,19.8,17.54,32.8,32
33,QBED1,1,QBED1-1,N3,QBED1-1-N3,21,QBED1-1-N3-21,1,QBED1-1-N3-1,23,0.18,18.59,16.95,32.25,33
34,QBED1,1,QBED1-1,N3,QBED1-1-N3,21,QBED1-1-N3-21,2,QBED1-1-N3-2,23,0.11,19.21,17.49,32.67,34
35,QBED1,1,QBED1-1,N4,QBED1-1-N4,11,QBED1-1-N4-11,1,QBED1-1-N4-1,24,4.77,20.57,15.96,30.74,35
36,QBED1,1,QBED1-1,N4,QBED1-1-N4,11,QBED1-1-N4-11,2,QBED1-1-N4-2,24,4.89,20.83,15.93,30.79,36
37,QBED1,1,QBED1-1,N43*,QBED1-1-N43*,1,QBED1-1-N43*-1,1,QBED1-1-N43*-1,24,4.95,20.29,15.12,27.66,37
38,QBED1,1,QBED1-1,N43*,QBED1-1-N43*,1,QBED1-1-N43*-1,2,QBED1-1-N43*-2,24,5.32,20.18,15.33,27.81,38
39,QBED1,1,QBED1-1,N44*,QBED1-1-N44*,31,QBED1-1-N44*-31,1,QBED1-1-N44*-1,26,3.38,20.42,15.33,31.62,39
40,QBED1,1,QBED1-1,N44*,QBED1-1-N44*,31,QBED1-1-N44*-31,2,QBED1-1-N44*-2,26,3.35,20.69,15.32,31.54,40
41,QBED1,1,QBED1-1,N51,QBED1-1-N51,1,QBED1-1-N51-1,1,QBED1-1-N51-1,11,1.77,17.9,14.57,31.71,41
42,QBED1,1,QBED1-1,N51,QBED1-1-N51,1,QBED1-1-N51-1,2,QBED1-1-N51-2,11,1.8,17.43,14.08,31.02,42
43,QBED1,1,QBED1-1,N52,QBED1-1-N52,1,QBED1-1-N52-1,1,QBED1-1-N52-1,20,4.11,20.11,13.92,33.3,43
44,QBED1,1,QBED1-1,N52,QBED1-1-N52,1,QBED1-1-N52-1,2,QBED1-1-N52-2,20,4.11,19.8,14.72,33.1,44
47,QBED1,1,QBED1-1,N6*,QBED1-1-N6*,1,QBED1-1-N6*-1,1,QBED1-1-N6*-1,28,4.59,20.56,14.85,30.97,47
48,QBED1,1,QBED1-1,N6*,QBED1-1-N6*,1,QBED1-1-N6*-1,2,QBED1-1-N6*-2,28,4.57,20.31,14.78,30.62,48
53,QBED1,2,QBED1-2,10,QBED1-2-10,1,QBED1-2-10-1,1,QBED1-2-10-1,10,0.42,19.33,14.61,31.65,53
54,QBED1,2,QBED1-2,10,QBED1-2-10,1,QBED1-2-10-1,2,QBED1-2-10-2,10,0.55,19.18,14.9,32.02,54
55,QBED1,2,QBED1-2,11,QBED1-2-11,1,QBED1-2-11-1,1,QBED1-2-11-1,11,4.1,20.14,17.92,29.5,55
56,QBED1,2,QBED1-2,11,QBED1-2-11,1,QBED1-2-11-1,2,QBED1-2-11-2,11,4.19,20.26,17.87,29.55,56
57,QBED1,2,QBED1-2,12,QBED1-2-12,31,QBED1-2-12-31,1,QBED1-2-12-1,19,2.36,19.98,16.45,31.07,57
58,QBED1,2,QBED1-2,12,QBED1-2-12,31,QBED1-2-12-31,2,QBED1-2-12-2,19,2.05,20.24,16.95,31.43,58
59,QBED1,2,QBED1-2,33,QBED1-2-33,111,QBED1-2-33-111,1,QBED1-2-33-1,21,5.18,20.31,16.08,32.03,59
60,QBED1,2,QBED1-2,33,QBED1-2-33,111,QBED1-2-33-111,2,QBED1-2-33-2,21,4.76,20.66,16.48,32.32,60
63,QBED1,2,QBED1-2,34,QBED1-2-34,1,QBED1-2-34-1,1,QBED1-2-34-1,19,0.69,20.87,16.27,33.54,63
64,QBED1,2,QBED1-2,34,QBED1-2-34,1,QBED1-2-34-1,2,QBED1-2-34-2,19,0.61,20.72,16.19,33.5,64
65,QBED1,2,QBED1-2,36,QBED1-2-36,1,QBED1-2-36-1,1,QBED1-2-36-1,19,5.18,19.04,14.76,27.81,65
66,QBED1,2,QBED1-2,36,QBED1-2-36,1,QBED1-2-36-1,2,QBED1-2-36-2,19,4.74,19.08,14.41,27.89,66
67,QBED1,2,QBED1-2,37,QBED1-2-37,1,QBED1-2-37-1,1,QBED1-2-37-1,10,0,18.03,15.38,29.37,67
68,QBED1,2,QBED1-2,37,QBED1-2-37,1,QBED1-2-37-1,2,QBED1-2-37-2,10,0,17.92,15.72,29.77,68
69,QBED1,2,QBED1-2,67,QBED1-2-67,1,QBED1-2-67-1,1,QBED1-2-67-1,11,4.1,17.42,13.94,28.65,69
70,QBED1,2,QBED1-2,67,QBED1-2-67,1,QBED1-2-67-1,2,QBED1-2-67-2,11,4.46,17.36,13.76,28.72,70
71,QBED1,2,QBED1-2,68,QBED1-2-68,1,QBED1-2-68-1,1,QBED1-2-68-1,15,2.43,16.46,10.39,28.74,71
72,QBED1,2,QBED1-2,68,QBED1-2-68,1,QBED1-2-68-1,2,QBED1-2-68-2,15,2.37,16.35,10.3,28.63,72
73,QBED1,2,QBED1-2,69,QBED1-2-69,1,QBED1-2-69-1,1,QBED1-2-69-1,29,3.48,20.89,16.21,33.95,73
74,QBED1,2,QBED1-2,69,QBED1-2-69,1,QBED1-2-69-1,2,QBED1-2-69-2,29,3.31,21.03,15.76,33.89,74
75,QBED1,2,QBED1-2,70,QBED1-2-70,1,QBED1-2-70-1,1,QBED1-2-70-1,15,0,16.34,15.08,34.02,75
76,QBED1,2,QBED1-2,70,QBED1-2-70,1,QBED1-2-70-1,2,QBED1-2-70-2,15,0,16.74,15.27,34.44,76
77,QBED1,2,QBED1-2,71,QBED1-2-71,1,QBED1-2-71-1,1,QBED1-2-71-1,12,0.58,16.45,13.49,30.19,77
78,QBED1,2,QBED1-2,71,QBED1-2-71,1,QBED1-2-71-1,2,QBED1-2-71-2,12,0.66,16.18,13.52,30.44,78
49,QBED1,2,QBED1-2,9,QBED1-2-9,21,QBED1-2-9-21,1,QBED1-2-9-1,18,7.53,24.05,16.98,31.95,49
50,QBED1,2,QBED1-2,9,QBED1-2-9,21,QBED1-2-9-21,2,QBED1-2-9-2,18,7.08,23.94,16.6,32.06,50
79,QBED1,2,QBED1-2,N11,QBED1-2-N11,1,QBED1-2-N11-1,1,QBED1-2-N11-1,12,3.06,20.26,16.16,29.81,79
80,QBED1,2,QBED1-2,N11,QBED1-2-N11,1,QBED1-2-N11-1,2,QBED1-2-N11-2,12,2.57,20.41,16.3,29.95,80
81,QBED1,2,QBED1-2,N12,QBED1-2-N12,31,QBED1-2-N12-31,1,QBED1-2-N12-1,23,5.33,23.83,18.68,32.98,81
82,QBED1,2,QBED1-2,N12,QBED1-2-N12,31,QBED1-2-N12-31,2,QBED1-2-N12-2,23,5.23,24.07,18.92,32.72,82
83,QBED1,2,QBED1-2,N13,QBED1-2-N13,1,QBED1-2-N13-1,1,QBED1-2-N13-1,28,6.15,22.16,17.04,31.64,83
84,QBED1,2,QBED1-2,N13,QBED1-2-N13,1,QBED1-2-N13-1,2,QBED1-2-N13-2,28,5.71,22.61,17.11,31.64,84
87,QBED1,2,QBED1-2,N33,QBED1-2-N33,411,QBED1-2-N33-411,1,QBED1-2-N33-1,26,4.67,21.97,15.62,33.6,87
88,QBED1,2,QBED1-2,N33,QBED1-2-N33,411,QBED1-2-N33-411,2,QBED1-2-N33-2,26,4.26,21.24,15.61,33.8,88
91,QBED1,2,QBED1-2,N34,QBED1-2-N34,1,QBED1-2-N34-1,1,QBED1-2-N34-1,21,3.65,19.33,14.5,31.51,91
92,QBED1,2,QBED1-2,N34,QBED1-2-N34,1,QBED1-2-N34-1,2,QBED1-2-N34-2,21,3.29,19.45,14.09,31.33,92
93,QBED1,2,QBED1-2,N35,QBED1-2-N35,1,QBED1-2-N35-1,1,QBED1-2-N35-1,23,2.87,19.52,15.3,31.76,93
94,QBED1,2,QBED1-2,N35,QBED1-2-N35,1,QBED1-2-N35-1,2,QBED1-2-N35-2,23,2.94,19.96,15.25,31.92,94
95,QBED1,2,QBED1-2,N37,QBED1-2-N37,1,QBED1-2-N37-1,1,QBED1-2-N37-1,15,0.2,19.45,16.8,31.9,95
96,QBED1,2,QBED1-2,N37,QBED1-2-N37,1,QBED1-2-N37-1,2,QBED1-2-N37-2,15,0.4,19.33,16.53,31.84,96
97,QBED1,2,QBED1-2,N71,QBED1-2-N71,21,QBED1-2-N71-21,1,QBED1-2-N71-1,18,2.73,19.18,15.22,32.04,97
98,QBED1,2,QBED1-2,N71,QBED1-2-N71,21,QBED1-2-N71-21,2,QBED1-2-N71-2,18,2.58,18.93,14.95,31.99,98
99,QBED1,2,QBED1-2,N8,QBED1-2-N8,1,QBED1-2-N8-1,1,QBED1-2-N8-1,32,6.45,20.75,15.16,29.86,99
100,QBED1,2,QBED1-2,N8,QBED1-2-N8,1,QBED1-2-N8-1,2,QBED1-2-N8-2,32,6.71,20.78,15.11,29.69,100
101,QBED1,2,QBED1-2,N9,QBED1-2-N9,1,QBED1-2-N9-1,1,QBED1-2-N9-1,18,6.52,21.58,16.12,31.87,101
102,QBED1,2,QBED1-2,N9,QBED1-2-N9,1,QBED1-2-N9-1,2,QBED1-2-N9-2,18,6.82,22.14,15.67,31.4,102
103,QBED2,1,QBED2-1,12,QBED2-1-12,1,QBED2-1-12-1,1,QBED2-1-12-1,16,3.06,19.36,13.9,28.58,103
104,QBED2,1,QBED2-1,12,QBED2-1-12,1,QBED2-1-12-1,2,QBED2-1-12-2,16,2.97,19.05,13.69,28.28,104
107,QBED2,1,QBED2-1,13,QBED2-1-13,41,QBED2-1-13-41,1,QBED2-1-13-1,29,4.93,23.43,18.45,31.83,107
108,QBED2,1,QBED2-1,13,QBED2-1-13,41,QBED2-1-13-41,2,QBED2-1-13-2,29,5.32,23.82,18.34,31.8,108
109,QBED2,1,QBED2-1,14,QBED2-1-14,31,QBED2-1-14-31,1,QBED2-1-14-1,21,1.13,18.34,15.48,33.28,109
110,QBED2,1,QBED2-1,14,QBED2-1-14,31,QBED2-1-14-31,2,QBED2-1-14-2,21,1.1,19.06,15.2,33.18,110
111,QBED2,1,QBED2-1,16,QBED2-1-16,1,QBED2-1-16-1,1,QBED2-1-16-1,27,1.54,17.72,16.29,31.21,111
112,QBED2,1,QBED2-1,16,QBED2-1-16,1,QBED2-1-16-1,2,QBED2-1-16-2,27,1.34,18.06,16.25,31.47,112
113,QBED2,1,QBED2-1,17,QBED2-1-17,1,QBED2-1-17-1,1,QBED2-1-17-1,17,3.06,12.81,14.98,24.82,113
114,QBED2,1,QBED2-1,17,QBED2-1-17,1,QBED2-1-17-1,2,QBED2-1-17-2,17,2.92,12.8,15.02,25.53,114
115,QBED2,1,QBED2-1,18,QBED2-1-18,511,QBED2-1-18-511,1,QBED2-1-18-1,26,4.32,20.37,18.18,29.64,115
116,QBED2,1,QBED2-1,18,QBED2-1-18,511,QBED2-1-18-511,2,QBED2-1-18-2,26,4.4,20.51,17.69,29.57,116
117,QBED2,1,QBED2-1,19,QBED2-1-19,1,QBED2-1-19-1,1,QBED2-1-19-1,10,1.64,20.24,18.13,32.56,117
118,QBED2,1,QBED2-1,19,QBED2-1-19,1,QBED2-1-19-1,2,QBED2-1-19-2,10,1.8,20.26,18.05,32.52,118
119,QBED2,1,QBED2-1,20,QBED2-1-20,1,QBED2-1-20-1,1,QBED2-1-20-1,32,6.04,20.68,15.13,29.09,119
120,QBED2,1,QBED2-1,20,QBED2-1-20,1,QBED2-1-20-1,2,QBED2-1-20-2,32,5.73,20.2,14.84,28.9,120
121,QBED2,1,QBED2-1,21,QBED2-1-21,1,QBED2-1-21-1,1,QBED2-1-21-1,19,3.08,18.68,14.28,28.87,121
122,QBED2,1,QBED2-1,21,QBED2-1-21,1,QBED2-1-21-1,2,QBED2-1-21-2,19,2.73,18.34,14.64,29.05,122
123,QBED2,1,QBED2-1,22,QBED2-1-22,2,QBED2-1-22-2,1,QBED2-1-22-1,23,6.45,21.45,16.2,31.25,123
124,QBED2,1,QBED2-1,22,QBED2-1-22,2,QBED2-1-22-2,2,QBED2-1-22-2,23,6.48,21.72,16.71,31,124
125,QBED2,1,QBED2-1,23,QBED2-1-23,211,QBED2-1-23-211,1,QBED2-1-23-1,19,2.5,19.65,17.82,32.69,125
126,QBED2,1,QBED2-1,23,QBED2-1-23,211,QBED2-1-23-211,2,QBED2-1-23-2,19,2.96,20.21,17.33,32.68,126
127,QBED2,1,QBED2-1,24,QBED2-1-24,11,QBED2-1-24-11,1,QBED2-1-24-1,14,1.26,17.64,14.75,29.74,127
128,QBED2,1,QBED2-1,24,QBED2-1-24,11,QBED2-1-24-11,2,QBED2-1-24-2,14,1.25,18.23,14.62,29.22,128
131,QBED2,1,QBED2-1,25,QBED2-1-25,1,QBED2-1-25-1,1,QBED2-1-25-1,8,0.65,16.18,13.02,25.09,131
132,QBED2,1,QBED2-1,25,QBED2-1-25,1,QBED2-1-25-1,2,QBED2-1-25-2,8,0.69,16.21,12.68,25.07,132
133,QBED2,1,QBED2-1,26,QBED2-1-26,1,QBED2-1-26-1,1,QBED2-1-26-1,12,2.86,16,14.53,27.59,133
134,QBED2,1,QBED2-1,26,QBED2-1-26,1,QBED2-1-26-1,2,QBED2-1-26-2,12,3.16,15.51,13.99,27.95,134
135,QBED2,1,QBED2-1,54,QBED2-1-54,1,QBED2-1-54-1,1,QBED2-1-54-1,26,4.56,21.27,14.02,31.04,135
136,QBED2,1,QBED2-1,54,QBED2-1-54,1,QBED2-1-54-1,2,QBED2-1-54-2,26,4.74,21.23,13.75,31.32,136
137,QBED2,1,QBED2-1,58,QBED2-1-58,411,QBED2-1-58-411,1,QBED2-1-58-1,10,4.43,20.47,14.22,30.66,137
138,QBED2,1,QBED2-1,58,QBED2-1-58,411,QBED2-1-58-411,2,QBED2-1-58-2,10,4.48,20.7,14.56,30.88,138
139,QBED2,1,QBED2-1,59,QBED2-1-59,1,QBED2-1-59-1,1,QBED2-1-59-1,10,1.55,17.71,16.57,30.11,139
140,QBED2,1,QBED2-1,59,QBED2-1-59,1,QBED2-1-59-1,2,QBED2-1-59-2,10,1.46,17.58,16.73,30.2,140
141,QBED2,1,QBED2-1,N13,QBED2-1-N13,311,QBED2-1-N13-311,1,QBED2-1-N13-1,30,4.13,22.66,17.29,31.56,141
142,QBED2,1,QBED2-1,N13,QBED2-1-N13,311,QBED2-1-N13-311,2,QBED2-1-N13-2,30,4.14,22.66,16.92,31.59,142
143,QBED2,1,QBED2-1,N14,QBED2-1-N14,31,QBED2-1-N14-31,1,QBED2-1-N14-1,14,0.29,17.44,13.67,29.52,143
144,QBED2,1,QBED2-1,N14,QBED2-1-N14,31,QBED2-1-N14-31,2,QBED2-1-N14-2,14,0.38,17.89,13.93,29.69,144
145,QBED2,1,QBED2-1,N16,QBED2-1-N16,21,QBED2-1-N16-21,1,QBED2-1-N16-1,11,5,21.1,17.64,33.66,145
146,QBED2,1,QBED2-1,N16,QBED2-1-N16,21,QBED2-1-N16-21,2,QBED2-1-N16-2,11,4.54,21.62,17,34.02,146
147,QBED2,1,QBED2-1,N17,QBED2-1-N17,21,QBED2-1-N17-21,1,QBED2-1-N17-1,10,0,12.5,18.08,31.04,147
148,QBED2,1,QBED2-1,N17,QBED2-1-N17,21,QBED2-1-N17-21,2,QBED2-1-N17-2,10,0,12.74,18.56,30.88,148
151,QBED2,1,QBED2-1,N20,QBED2-1-N20,1,QBED2-1-N20-1,1,QBED2-1-N20-1,21,2.7,17.86,16.68,30.06,151
152,QBED2,1,QBED2-1,N20,QBED2-1-N20,1,QBED2-1-N20-1,2,QBED2-1-N20-2,21,2.94,17.4,17.25,30.4,152
153,QBED2,1,QBED2-1,N23,QBED2-1-N23,311,QBED2-1-N23-311,1,QBED2-1-N23-1,18,2.91,20.11,17.6,31.29,153
154,QBED2,1,QBED2-1,N23,QBED2-1-N23,311,QBED2-1-N23-311,2,QBED2-1-N23-2,18,2.55,19.65,17.11,31.3,154
155,QBED2,1,QBED2-1,N25,QBED2-1-N25,1,QBED2-1-N25-1,1,QBED2-1-N25-1,15,0,12.73,14.47,22.63,155
156,QBED2,1,QBED2-1,N25,QBED2-1-N25,1,QBED2-1-N25-1,2,QBED2-1-N25-2,15,0,13.32,14.58,22.47,156
157,QBED2,1,QBED2-1,N26,QBED2-1-N26,1,QBED2-1-N26-1,1,QBED2-1-N26-1,15,5.19,19.27,16.96,26.5,157
158,QBED2,1,QBED2-1,N26,QBED2-1-N26,1,QBED2-1-N26-1,2,QBED2-1-N26-2,15,5.01,19.61,16.69,26.72,158
159,QBED2,2,QBED2-2,1,QBED2-2-1,1,QBED2-2-1-1,1,QBED2-2-1-1,22,2.6,18.61,13,31,159
160,QBED2,2,QBED2-2,1,QBED2-2-1,1,QBED2-2-1-1,2,QBED2-2-1-2,22,2.54,18.7,13.22,31.11,160
161,QBED2,2,QBED2-2,2,QBED2-2-2,1,QBED2-2-2-1,1,QBED2-2-2-1,15,1.86,18.28,13.58,27.39,161
162,QBED2,2,QBED2-2,2,QBED2-2-2,1,QBED2-2-2-1,2,QBED2-2-2-2,15,1.9,18.76,13.65,27.21,162
169,QBED2,2,QBED2-2,28,QBED2-2-28,1,QBED2-2-28-1,1,QBED2-2-28-1,14,1.7,15.51,14.07,27.1,169
170,QBED2,2,QBED2-2,28,QBED2-2-28,1,QBED2-2-28-1,2,QBED2-2-28-2,14,1.77,15.64,13.94,27.28,170
171,QBED2,2,QBED2-2,29,QBED2-2-29,1,QBED2-2-29-1,1,QBED2-2-29-1,19,2.25,18.03,16.34,29.83,171
172,QBED2,2,QBED2-2,29,QBED2-2-29,1,QBED2-2-29-1,2,QBED2-2-29-2,19,2.59,18.43,16.46,29.72,172
163,QBED2,2,QBED2-2,3,QBED2-2-3,11,QBED2-2-3-11,1,QBED2-2-3-1,18,3.66,20.02,13.09,30.54,163
164,QBED2,2,QBED2-2,3,QBED2-2-3,11,QBED2-2-3-11,2,QBED2-2-3-2,18,3.19,20.34,12.62,30.08,164
173,QBED2,2,QBED2-2,31,QBED2-2-31,1,QBED2-2-31-1,1,QBED2-2-31-1,25,3.52,21.75,12.75,27.75,173
174,QBED2,2,QBED2-2,31,QBED2-2-31,1,QBED2-2-31-1,2,QBED2-2-31-2,25,3.96,21.59,13.05,27.79,174
177,QBED2,2,QBED2-2,32,QBED2-2-32,1,QBED2-2-32-1,1,QBED2-2-32-1,10,5.43,20.29,17.28,30,177
178,QBED2,2,QBED2-2,32,QBED2-2-32,1,QBED2-2-32-1,2,QBED2-2-32-2,10,5,20.18,16.6,29.85,178
179,QBED2,2,QBED2-2,33,QBED2-2-33,1,QBED2-2-33-1,1,QBED2-2-33-1,10,4.47,21.19,14.63,28.81,179
180,QBED2,2,QBED2-2,33,QBED2-2-33,1,QBED2-2-33-1,2,QBED2-2-33-2,10,4.61,20.73,15.13,28.62,180
181,QBED2,2,QBED2-2,34,QBED2-2-34,1,QBED2-2-34-1,1,QBED2-2-34-1,16,4.64,22.03,13.13,31.88,181
182,QBED2,2,QBED2-2,34,QBED2-2-34,1,QBED2-2-34-1,2,QBED2-2-34-2,16,4.19,22.14,13.3,31.92,182
183,QBED2,2,QBED2-2,35,QBED2-2-35,1,QBED2-2-35-1,1,QBED2-2-35-1,21,2.14,19.11,11.84,27.53,183
184,QBED2,2,QBED2-2,35,QBED2-2-35,1,QBED2-2-35-1,2,QBED2-2-35-2,21,1.96,19.36,12.02,27.76,184
185,QBED2,2,QBED2-2,36,QBED2-2-36,1,QBED2-2-36-1,1,QBED2-2-36-1,24,4.29,19.93,17.22,29.37,185
186,QBED2,2,QBED2-2,36,QBED2-2-36,1,QBED2-2-36-1,2,QBED2-2-36-2,24,4.22,20.42,17.31,29.21,186
189,QBED2,2,QBED2-2,37,QBED2-2-37,11,QBED2-2-37-11,1,QBED2-2-37-1,28,3.7,19.45,11.72,30.3,189
190,QBED2,2,QBED2-2,37,QBED2-2-37,11,QBED2-2-37-11,2,QBED2-2-37-2,28,3.84,19.65,12.16,30.49,190
191,QBED2,2,QBED2-2,39,QBED2-2-39,21,QBED2-2-39-21,1,QBED2-2-39-1,17,2.75,19.74,13.64,29.31,191
192,QBED2,2,QBED2-2,39,QBED2-2-39,21,QBED2-2-39-21,2,QBED2-2-39-2,17,2.7,19.81,13.37,29.48,192
165,QBED2,2,QBED2-2,4,QBED2-2-4,1,QBED2-2-4-1,1,QBED2-2-4-1,14,2.36,18.95,13.5,31.26,165
166,QBED2,2,QBED2-2,4,QBED2-2-4,1,QBED2-2-4-1,2,QBED2-2-4-2,14,2.69,19.18,13.07,31.34,166
195,QBED2,2,QBED2-2,40,QBED2-2-40,1,QBED2-2-40-1,1,QBED2-2-40-1,14,5.86,22.35,14.67,28.86,195
196,QBED2,2,QBED2-2,40,QBED2-2-40,1,QBED2-2-40-1,2,QBED2-2-40-2,14,5.35,21.8,14.08,29.02,196
197,QBED2,2,QBED2-2,56,QBED2-2-56,1,QBED2-2-56-1,1,QBED2-2-56-1,11,3.07,21.19,14.98,28.54,197
198,QBED2,2,QBED2-2,56,QBED2-2-56,1,QBED2-2-56-1,2,QBED2-2-56-2,11,2.98,20.88,15.03,28.67,198
199,QBED2,2,QBED2-2,57,QBED2-2-57,1,QBED2-2-57-1,1,QBED2-2-57-1,31,1.38,17.62,14.68,31.7,199
200,QBED2,2,QBED2-2,57,QBED2-2-57,1,QBED2-2-57-1,2,QBED2-2-57-2,31,1.19,17.98,14.94,31.88,200
201,QBED2,2,QBED2-2,60,QBED2-2-60,1,QBED2-2-60-1,1,QBED2-2-60-1,25,3.5,19.63,13.9,28.84,201
202,QBED2,2,QBED2-2,60,QBED2-2-60,1,QBED2-2-60-1,2,QBED2-2-60-2,25,3.56,19.29,13.54,28.74,202
167,QBED2,2,QBED2-2,7,QBED2-2-7,41,QBED2-2-7-41,1,QBED2-2-7-1,12,2.26,22.22,14.52,32.16,167
168,QBED2,2,QBED2-2,7,QBED2-2-7,41,QBED2-2-7-41,2,QBED2-2-7-2,12,2.27,21.98,14.64,32.4,168
203,QBED2,2,QBED2-2,N36,QBED2-2-N36,1,QBED2-2-N36-1,1,QBED2-2-N36-1,21,4.02,21.37,17.74,30.17,203
204,QBED2,2,QBED2-2,N36,QBED2-2-N36,1,QBED2-2-N36-1,2,QBED2-2-N36-2,21,4.41,21.79,16.9,30.21,204
205,QBED2,2,QBED2-2,N39,QBED2-2-N39,1,QBED2-2-N39-1,1,QBED2-2-N39-1,27,4.48,21.4,16.86,31.44,205
206,QBED2,2,QBED2-2,N39,QBED2-2-N39,1,QBED2-2-N39-1,2,QBED2-2-N39-2,27,4.56,21.14,16.67,31.63,206
209,QBED2,2,QBED2-2,N7,QBED2-2-N7,21,QBED2-2-N7-21,1,QBED2-2-N7-1,15,1.75,18.03,14.36,30.32,209
210,QBED2,2,QBED2-2,N7,QBED2-2-N7,21,QBED2-2-N7-21,2,QBED2-2-N7-2,15,1.6,18.28,14.48,30.03,210
219,QLL1,1,QLL1-1,10,QLL1-1-10,21,QLL1-1-10-21,1,QLL1-1-10-1,20,5.27,18.62,15.53,21.82,219
220,QLL1,1,QLL1-1,10,QLL1-1-10,21,QLL1-1-10-21,2,QLL1-1-10-2,20,5.2,18.34,15.37,21.55,220
223,QLL1,1,QLL1-1,11,QLL1-1-11,1,QLL1-1-11-1,1,QLL1-1-11-1,18,2.47,20.75,16.61,32.78,223
224,QLL1,1,QLL1-1,11,QLL1-1-11,1,QLL1-1-11-1,2,QLL1-1-11-2,18,2.4,20.43,16.31,33.18,224
227,QLL1,1,QLL1-1,12,QLL1-1-12,21,QLL1-1-12-21,1,QLL1-1-12-1,14,3.68,19.93,13.85,32.88,227
228,QLL1,1,QLL1-1,12,QLL1-1-12,21,QLL1-1-12-21,2,QLL1-1-12-2,14,3.52,20.21,14.25,32.73,228
229,QLL1,1,QLL1-1,13,QLL1-1-13,1,QLL1-1-13-1,1,QLL1-1-13-1,18,3.39,20.92,18.59,33.06,229
230,QLL1,1,QLL1-1,13,QLL1-1-13,1,QLL1-1-13-1,2,QLL1-1-13-2,18,3.35,21.12,18.84,33.15,230
233,QLL1,1,QLL1-1,14,QLL1-1-14,21,QLL1-1-14-21,1,QLL1-1-14-1,13,3.1,18.38,13.82,32.92,233
234,QLL1,1,QLL1-1,14,QLL1-1-14,21,QLL1-1-14-21,2,QLL1-1-14-2,13,3.35,18.51,13.82,32.85,234
237,QLL1,1,QLL1-1,15,QLL1-1-15,1,QLL1-1-15-1,1,QLL1-1-15-1,22,5.27,22.29,15.52,31.3,237
238,QLL1,1,QLL1-1,15,QLL1-1-15,1,QLL1-1-15-1,2,QLL1-1-15-2,22,5.25,22.21,15.8,31.03,238
241,QLL1,1,QLL1-1,16,QLL1-1-16,1,QLL1-1-16-1,1,QLL1-1-16-1,11,6.04,23.29,18.6,33.57,241
242,QLL1,1,QLL1-1,16,QLL1-1-16,1,QLL1-1-16-1,2,QLL1-1-16-2,11,5.69,23.57,19.07,33.7,242
245,QLL1,1,QLL1-1,1A,QLL1-1-1A,1,QLL1-1-1A-1,1,QLL1-1-1A-1,24,3.5,21.56,18.63,33.36,245
246,QLL1,1,QLL1-1,1A,QLL1-1-1A,1,QLL1-1-1A-1,2,QLL1-1-1A-2,24,3.6,21.43,18.54,33.21,246
247,QLL1,1,QLL1-1,1B,QLL1-1-1B,21,QLL1-1-1B-21,1,QLL1-1-1B-1,17,4.54,22.22,18.11,33.09,247
248,QLL1,1,QLL1-1,1B,QLL1-1-1B,21,QLL1-1-1B-21,2,QLL1-1-1B-2,17,4.34,22.07,18.08,33,248
249,QLL1,1,QLL1-1,1C,QLL1-1-1C,21,QLL1-1-1C-21,1,QLL1-1-1C-1,21,3.67,19.43,15.96,30.47,249
250,QLL1,1,QLL1-1,1C,QLL1-1-1C,21,QLL1-1-1C-21,2,QLL1-1-1C-2,21,3.8,19.47,15.81,30.66,250
253,QLL1,1,QLL1-1,1D,QLL1-1-1D,1,QLL1-1-1D-1,1,QLL1-1-1D-1,25,7.06,25.82,15.72,34.76,253
254,QLL1,1,QLL1-1,1D,QLL1-1-1D,1,QLL1-1-1D-1,2,QLL1-1-1D-2,25,7.22,26.16,16,34.5,254
243,QLL1,1,QLL1-1,29,QLL1-1-29,1,QLL1-1-29-1,1,QLL1-1-29-1,19,5.38,21.56,13.1,30.8,243
244,QLL1,1,QLL1-1,29,QLL1-1-29,1,QLL1-1-29-1,2,QLL1-1-29-2,19,5.24,21.51,13.27,30.7,244
211,QLL1,1,QLL1-1,7,QLL1-1-7,1,QLL1-1-7-1,1,QLL1-1-7-1,12,2.05,19.6,16.41,30.54,211
212,QLL1,1,QLL1-1,7,QLL1-1-7,1,QLL1-1-7-1,2,QLL1-1-7-2,12,2.08,19.31,16.3,30.72,212
213,QLL1,1,QLL1-1,8,QLL1-1-8,21,QLL1-1-8-21,1,QLL1-1-8-1,18,4.18,19.17,13.51,27.71,213
214,QLL1,1,QLL1-1,8,QLL1-1-8,21,QLL1-1-8-21,2,QLL1-1-8-2,18,3.91,19.2,13.64,28.33,214
217,QLL1,1,QLL1-1,9,QLL1-1-9,1,QLL1-1-9-1,1,QLL1-1-9-1,22,3.14,19.22,16.49,30.67,217
218,QLL1,1,QLL1-1,9,QLL1-1-9,1,QLL1-1-9-1,2,QLL1-1-9-2,22,3.17,19.3,16.76,30.89,218
255,QLL1,1,QLL1-1,N10,QLL1-1-N10,1,QLL1-1-N10-1,1,QLL1-1-N10-1,15,2.73,17.88,16.3,29.52,255
256,QLL1,1,QLL1-1,N10,QLL1-1-N10,1,QLL1-1-N10-1,2,QLL1-1-N10-2,15,2.48,18.03,15.95,29.71,256
257,QLL1,1,QLL1-1,N11,QLL1-1-N11,1,QLL1-1-N11-1,1,QLL1-1-N11-1,12,4.91,21.43,17.75,30.93,257
258,QLL1,1,QLL1-1,N11,QLL1-1-N11,1,QLL1-1-N11-1,2,QLL1-1-N11-2,12,5.06,21.63,17.47,31.19,258
259,QLL1,1,QLL1-1,N12,QLL1-1-N12,1,QLL1-1-N12-1,1,QLL1-1-N12-1,26,5.51,23.08,18.53,32.48,259
260,QLL1,1,QLL1-1,N12,QLL1-1-N12,1,QLL1-1-N12-1,2,QLL1-1-N12-2,26,5.58,22.9,18.4,32.18,260
261,QLL1,1,QLL1-1,N13,QLL1-1-N13,21,QLL1-1-N13-21,1,QLL1-1-N13-1,25,8.66,25.19,18.3,32.73,261
262,QLL1,1,QLL1-1,N13,QLL1-1-N13,21,QLL1-1-N13-21,2,QLL1-1-N13-2,25,8.58,25.27,18.12,32.6,262
263,QLL1,1,QLL1-1,N14,QLL1-1-N14,1,QLL1-1-N14-1,1,QLL1-1-N14-1,24,2.81,21.57,15.66,34.7,263
264,QLL1,1,QLL1-1,N14,QLL1-1-N14,1,QLL1-1-N14-1,2,QLL1-1-N14-2,24,2.71,21.09,15.49,34.88,264
265,QLL1,1,QLL1-1,N16,QLL1-1-N16,1,QLL1-1-N16-1,1,QLL1-1-N16-1,18,3.2,21.29,15.42,32.77,265
266,QLL1,1,QLL1-1,N16,QLL1-1-N16,1,QLL1-1-N16-1,2,QLL1-1-N16-2,18,3.01,21.12,15.25,33.13,266
267,QLL1,1,QLL1-1,N7,QLL1-1-N7,1,QLL1-1-N7-1,1,QLL1-1-N7-1,23,4.13,20.55,16.3,29.83,267
268,QLL1,1,QLL1-1,N7,QLL1-1-N7,1,QLL1-1-N7-1,2,QLL1-1-N7-2,23,4.33,20.62,15.88,30.93,268
269,QLL1,1,QLL1-1,N8,QLL1-1-N8,21,QLL1-1-N8-21,1,QLL1-1-N8-1,14,5.05,21.28,14.37,30.66,269
270,QLL1,1,QLL1-1,N8,QLL1-1-N8,21,QLL1-1-N8-21,2,QLL1-1-N8-2,14,4.96,21.21,14.23,30.39,270
271,QLL1,1,QLL1-1,N9,QLL1-1-N9,21,QLL1-1-N9-21,1,QLL1-1-N9-1,19,3.08,19.2,14.52,28.39,271
272,QLL1,1,QLL1-1,N9,QLL1-1-N9,21,QLL1-1-N9-21,2,QLL1-1-N9-2,19,3.08,19.06,14.3,28.57,272
275,QLL1,2,QLL1-2,24,QLL1-2-24,31,QLL1-2-24-31,1,QLL1-2-24-1,26,6.25,24.41,16.53,30.67,275
276,QLL1,2,QLL1-2,24,QLL1-2-24,31,QLL1-2-24-31,2,QLL1-2-24-2,26,6.37,23.9,16.72,30.74,276
279,QLL1,2,QLL1-2,25,QLL1-2-25,1,QLL1-2-25-1,1,QLL1-2-25-1,11,4.29,19.47,17.47,30.35,279
280,QLL1,2,QLL1-2,25,QLL1-2-25,1,QLL1-2-25-1,2,QLL1-2-25-2,11,4.3,19.55,17.42,30.56,280
281,QLL1,2,QLL1-2,26,QLL1-2-26,21,QLL1-2-26-21,1,QLL1-2-26-1,14,3.21,19.85,18.56,34.7,281
282,QLL1,2,QLL1-2,26,QLL1-2-26,21,QLL1-2-26-21,2,QLL1-2-26-2,14,3.42,19.94,18.87,34.75,282
283,QLL1,2,QLL1-2,2A,QLL1-2-2A,1,QLL1-2-2A-1,1,QLL1-2-2A-1,16,1.7,18.86,14.08,28.12,283
284,QLL1,2,QLL1-2,2A,QLL1-2-2A,1,QLL1-2-2A-1,2,QLL1-2-2A-2,16,1.66,18.7,14.6,28.3,284
285,QLL1,2,QLL1-2,2B,QLL1-2-2B,1,QLL1-2-2B-1,1,QLL1-2-2B-1,15,0,11.74,10.62,21.2,285
286,QLL1,2,QLL1-2,2B,QLL1-2-2B,1,QLL1-2-2B-1,2,QLL1-2-2B-2,15,0,11.84,10.34,21.64,286
287,QLL1,2,QLL1-2,2C,QLL1-2-2C,11,QLL1-2-2C-11,1,QLL1-2-2C-1,11,3.18,19.94,13.38,30.92,287
288,QLL1,2,QLL1-2,2C,QLL1-2-2C,11,QLL1-2-2C-11,2,QLL1-2-2C-2,11,3.34,19.8,13.4,31.22,288
289,QLL1,2,QLL1-2,2D,QLL1-2-2D,31,QLL1-2-2D-31,1,QLL1-2-2D-1,23,1.52,20.96,12.94,29.78,289
290,QLL1,2,QLL1-2,2D,QLL1-2-2D,31,QLL1-2-2D-31,2,QLL1-2-2D-2,23,1.56,20.58,13,29.8,290
291,QLL1,2,QLL1-2,2E,QLL1-2-2E,11,QLL1-2-2E-11,1,QLL1-2-2E-1,11,2.62,17.2,14.14,31.66,291
292,QLL1,2,QLL1-2,2E,QLL1-2-2E,11,QLL1-2-2E-11,2,QLL1-2-2E-2,11,2.5,17.4,14.02,31.7,292
293,QLL1,2,QLL1-2,2F,QLL1-2-2F,21,QLL1-2-2F-21,1,QLL1-2-2F-1,13,2.84,19.74,14.06,33.84,293
294,QLL1,2,QLL1-2,2F,QLL1-2-2F,21,QLL1-2-2F-21,2,QLL1-2-2F-2,13,2.8,19.96,14,33.92,294
295,QLL1,2,QLL1-2,2G,QLL1-2-2G,21,QLL1-2-2G-21,1,QLL1-2-2G-1,27,1.8,18.4,13.74,42.42,295
296,QLL1,2,QLL1-2,2G,QLL1-2-2G,21,QLL1-2-2G-21,2,QLL1-2-2G-2,27,1.82,18.8,13.32,42.74,296
297,QLL1,2,QLL1-2,2H,QLL1-2-2H,1,QLL1-2-2H-1,1,QLL1-2-2H-1,15,0,12,15.6,31.42,297
298,QLL1,2,QLL1-2,2H,QLL1-2-2H,1,QLL1-2-2H-1,2,QLL1-2-2H-2,15,0,11.9,15.8,31.42,298
299,QLL1,2,QLL1-2,2I,QLL1-2-2I,21,QLL1-2-2I-21,1,QLL1-2-2I-1,24,6.66,22.74,11.12,34.28,299
300,QLL1,2,QLL1-2,2I,QLL1-2-2I,21,QLL1-2-2I-21,2,QLL1-2-2I-2,24,6.5,22.54,11.14,34.36,300
301,QLL1,2,QLL1-2,2J,QLL1-2-2J,1,QLL1-2-2J-1,1,QLL1-2-2J-1,11,2.54,18.1,14.78,30.04,301
302,QLL1,2,QLL1-2,2J,QLL1-2-2J,1,QLL1-2-2J-1,2,QLL1-2-2J-2,11,2.28,18.3,14.98,30.06,302
303,QLL1,2,QLL1-2,2K,QLL1-2-2K,1,QLL1-2-2K-1,1,QLL1-2-2K-1,24,4.78,23.7,15.52,32.66,303
304,QLL1,2,QLL1-2,2K,QLL1-2-2K,1,QLL1-2-2K-1,2,QLL1-2-2K-2,24,4.78,23.52,15.3,32.52,304
305,QLL1,2,QLL1-2,2L,QLL1-2-2L,1,QLL1-2-2L-1,1,QLL1-2-2L-1,21,0,17.8,14.44,30.72,305
306,QLL1,2,QLL1-2,2L,QLL1-2-2L,1,QLL1-2-2L-1,2,QLL1-2-2L-2,21,0,17.62,14.22,30.6,306
307,QLL1,2,QLL1-2,2M,QLL1-2-2M,1,QLL1-2-2M-1,1,QLL1-2-2M-1,28,4.62,21.64,15.82,30.62,307
308,QLL1,2,QLL1-2,2M,QLL1-2-2M,1,QLL1-2-2M-1,2,QLL1-2-2M-2,28,4.82,21.34,15.8,30.9,308
309,QLL1,2,QLL1-2,2N,QLL1-2-2N,21,QLL1-2-2N-21,1,QLL1-2-2N-1,17,3.34,21.8,16.44,31.8,309
310,QLL1,2,QLL1-2,2N,QLL1-2-2N,21,QLL1-2-2N-21,2,QLL1-2-2N-2,17,3.4,21.86,16.68,31.68,310
311,QLL1,2,QLL1-2,2P,QLL1-2-2P,21,QLL1-2-2P-21,1,QLL1-2-2P-1,16,4.8,22.32,16.56,31.2,311
312,QLL1,2,QLL1-2,2P,QLL1-2-2P,21,QLL1-2-2P-21,2,QLL1-2-2P-2,16,4.66,22.48,16.56,30.98,312
313,QLL1,2,QLL1-2,2Q,QLL1-2-2Q,21,QLL1-2-2Q-21,1,QLL1-2-2Q-1,13,3.2,19.88,19.06,31.08,313
314,QLL1,2,QLL1-2,2Q,QLL1-2-2Q,21,QLL1-2-2Q-21,2,QLL1-2-2Q-2,13,3.16,19.96,19.02,31.04,314
315,QLL1,2,QLL1-2,N22,QLL1-2-N22,1,QLL1-2-N22-1,1,QLL1-2-N22-1,28,2.33,17.79,14.42,30.89,315
316,QLL1,2,QLL1-2,N22,QLL1-2-N22,1,QLL1-2-N22-1,2,QLL1-2-N22-2,28,2.42,17.95,14.6,30.97,316
317,QLL1,2,QLL1-2,N23,QLL1-2-N23,1,QLL1-2-N23-1,1,QLL1-2-N23-1,15,2.34,17.9,12.92,29.76,317
318,QLL1,2,QLL1-2,N23,QLL1-2-N23,1,QLL1-2-N23-1,2,QLL1-2-N23-2,15,2.13,17.73,12.77,29.76,318
319,QLL1,2,QLL1-2,N24,QLL1-2-N24,1,QLL1-2-N24-1,1,QLL1-2-N24-1,25,6.41,23.45,17.46,32.46,319
320,QLL1,2,QLL1-2,N24,QLL1-2-N24,1,QLL1-2-N24-1,2,QLL1-2-N24-2,25,6.3,23.4,16.87,32.39,320
321,QLL1,2,QLL1-2,N25,QLL1-2-N25,1,QLL1-2-N25-1,1,QLL1-2-N25-1,10,2.91,17.59,14.65,29.49,321
322,QLL1,2,QLL1-2,N25,QLL1-2-N25,1,QLL1-2-N25-1,2,QLL1-2-N25-2,10,2.95,17.43,14.78,29.53,322
323,QLL3,1,QLL3-1,1,QLL3-1-1,1,QLL3-1-1-1,1,QLL3-1-1-1,10,3.49,18.93,15.09,23.91,323
324,QLL3,1,QLL3-1,1,QLL3-1-1,1,QLL3-1-1-1,2,QLL3-1-1-2,10,3.4,19.23,14.92,23.66,324
335,QLL3,1,QLL3-1,10,QLL3-1-10,21,QLL3-1-10-21,1,QLL3-1-10-1,12,5.85,21.06,12.58,28.95,335
336,QLL3,1,QLL3-1,10,QLL3-1-10,21,QLL3-1-10-21,2,QLL3-1-10-2,12,5.62,21.17,12.8,29.19,336
337,QLL3,1,QLL3-1,11,QLL3-1-11,1,QLL3-1-11-1,1,QLL3-1-11-1,12,1.24,17.29,17.29,29.64,337
338,QLL3,1,QLL3-1,11,QLL3-1-11,1,QLL3-1-11-1,2,QLL3-1-11-2,12,0.98,17.1,17.21,29.6,338
341,QLL3,1,QLL3-1,14,QLL3-1-14,1,QLL3-1-14-1,1,QLL3-1-14-1,29,4.96,22.24,17.19,25.93,341
342,QLL3,1,QLL3-1,14,QLL3-1-14,1,QLL3-1-14-1,2,QLL3-1-14-2,29,5.33,21.81,16.62,25.4,342
369,QLL3,1,QLL3-1,15*,QLL3-1-15*,11,QLL3-1-15*-11,1,QLL3-1-15*-1,30,2.21,18.4,13.28,27.31,369
370,QLL3,1,QLL3-1,15*,QLL3-1-15*,11,QLL3-1-15*-11,2,QLL3-1-15*-2,30,2.01,18.61,13.18,27.19,370
347,QLL3,1,QLL3-1,16,QLL3-1-16,1,QLL3-1-16-1,1,QLL3-1-16-1,25,3.51,18.14,18.8,26.71,347
348,QLL3,1,QLL3-1,16,QLL3-1-16,1,QLL3-1-16-1,2,QLL3-1-16-2,25,2.99,17.83,18.23,26.71,348
349,QLL3,1,QLL3-1,17,QLL3-1-17,21,QLL3-1-17-21,1,QLL3-1-17-1,23,2.36,18.05,15.7,26.27,349
350,QLL3,1,QLL3-1,17,QLL3-1-17,21,QLL3-1-17-21,2,QLL3-1-17-2,23,1.95,18.86,14.87,27.24,350
325,QLL3,1,QLL3-1,2,QLL3-1-2,1,QLL3-1-2-1,1,QLL3-1-2-1,13,2.52,19.51,13.01,25.83,325
326,QLL3,1,QLL3-1,2,QLL3-1-2,1,QLL3-1-2-1,2,QLL3-1-2-2,13,3.01,19.63,13.19,26.02,326
373,QLL3,1,QLL3-1,3*,QLL3-1-3*,1,QLL3-1-3*-1,1,QLL3-1-3*-1,21,4.27,18.99,14.43,27.19,373
374,QLL3,1,QLL3-1,3*,QLL3-1-3*,1,QLL3-1-3*-1,2,QLL3-1-3*-2,21,4.2,18.77,14.46,27.16,374
375,QLL3,1,QLL3-1,32*,QLL3-1-32*,1,QLL3-1-32*-1,1,QLL3-1-32*-1,22,2.03,18.47,14.15,29.97,375
376,QLL3,1,QLL3-1,32*,QLL3-1-32*,1,QLL3-1-32*-1,2,QLL3-1-32*-2,22,2.25,18.51,14.32,29.7,376
377,QLL3,1,QLL3-1,4*,QLL3-1-4*,1,QLL3-1-4*-1,1,QLL3-1-4*-1,20,5.28,21.54,16.86,30.4,377
378,QLL3,1,QLL3-1,4*,QLL3-1-4*,1,QLL3-1-4*-1,2,QLL3-1-4*-2,20,5.37,21.63,16.98,30.59,378
351,QLL3,1,QLL3-1,46,QLL3-1-46,1,QLL3-1-46-1,1,QLL3-1-46-1,14,2.31,17.51,15.33,30.7,351
352,QLL3,1,QLL3-1,46,QLL3-1-46,1,QLL3-1-46-1,2,QLL3-1-46-2,14,2.55,17.5,15.2,30.81,352
353,QLL3,1,QLL3-1,47,QLL3-1-47,1,QLL3-1-47-1,1,QLL3-1-47-1,17,4.44,19.31,16.84,30.28,353
354,QLL3,1,QLL3-1,47,QLL3-1-47,1,QLL3-1-47-1,2,QLL3-1-47-2,17,4.61,19.22,16.83,30.29,354
355,QLL3,1,QLL3-1,48,QLL3-1-48,1,QLL3-1-48-1,1,QLL3-1-48-1,20,1.49,17.8,17.53,30.01,355
356,QLL3,1,QLL3-1,48,QLL3-1-48,1,QLL3-1-48-1,2,QLL3-1-48-2,20,1.54,17.44,17.28,30.49,356
359,QLL3,1,QLL3-1,52,QLL3-1-52,1,QLL3-1-52-1,1,QLL3-1-52-1,17,3.17,18.13,15.83,26.7,359
360,QLL3,1,QLL3-1,52,QLL3-1-52,1,QLL3-1-52-1,2,QLL3-1-52-2,17,3.28,18.01,15.14,26.71,360
361,QLL3,1,QLL3-1,53,QLL3-1-53,1,QLL3-1-53-1,1,QLL3-1-53-1,20,3.08,19.97,18.5,30.4,361
362,QLL3,1,QLL3-1,53,QLL3-1-53,1,QLL3-1-53-1,2,QLL3-1-53-2,20,3.2,20.11,18.42,30.16,362
365,QLL3,1,QLL3-1,54,QLL3-1-54,1,QLL3-1-54-1,1,QLL3-1-54-1,29,4.7,17.42,15.25,29.25,365
366,QLL3,1,QLL3-1,54,QLL3-1-54,1,QLL3-1-54-1,2,QLL3-1-54-2,29,4.66,17.3,14.88,29.6,366
381,QLL3,1,QLL3-1,6*,QLL3-1-6*,1,QLL3-1-6*-1,1,QLL3-1-6*-1,20,0.38,18.26,15.8,29.39,381
382,QLL3,1,QLL3-1,6*,QLL3-1-6*,1,QLL3-1-6*-1,2,QLL3-1-6*-2,20,0.58,18.13,15.76,29.46,382
329,QLL3,1,QLL3-1,7,QLL3-1-7,21,QLL3-1-7-21,1,QLL3-1-7-1,18,3.21,19.92,18.07,31.31,329
330,QLL3,1,QLL3-1,7,QLL3-1-7,21,QLL3-1-7-21,2,QLL3-1-7-2,18,2.91,20.25,18.23,31.42,330
331,QLL3,1,QLL3-1,8,QLL3-1-8,1,QLL3-1-8-1,1,QLL3-1-8-1,11,3.08,19.41,16.68,32.15,331
332,QLL3,1,QLL3-1,8,QLL3-1-8,1,QLL3-1-8-1,2,QLL3-1-8-2,11,3.14,19.47,16.91,32.24,332
333,QLL3,1,QLL3-1,9,QLL3-1-9,21,QLL3-1-9-21,1,QLL3-1-9-1,11,0,18.79,13.21,28.03,333
334,QLL3,1,QLL3-1,9,QLL3-1-9,21,QLL3-1-9-21,2,QLL3-1-9-2,11,0,18.4,13.42,28.25,334
385,QLL3,1,QLL3-1,N10,QLL3-1-N10,1,QLL3-1-N10-1,1,QLL3-1-N10-1,12,2.95,18.61,15.95,29.15,385
386,QLL3,1,QLL3-1,N10,QLL3-1-N10,1,QLL3-1-N10-1,2,QLL3-1-N10-2,12,2.97,18.5,15.61,29.38,386
389,QLL3,1,QLL3-1,N11,QLL3-1-N11,1,QLL3-1-N11-1,1,QLL3-1-N11-1,19,3.66,21.74,18.67,35.26,389
390,QLL3,1,QLL3-1,N11,QLL3-1-N11,1,QLL3-1-N11-1,2,QLL3-1-N11-2,19,3.58,21.96,18.97,35.24,390
393,QLL3,1,QLL3-1,N4*,QLL3-1-N4*,1,QLL3-1-N4*-1,1,QLL3-1-N4*-1,11,3.85,20.36,14.86,25,393
394,QLL3,1,QLL3-1,N4*,QLL3-1-N4*,1,QLL3-1-N4*-1,2,QLL3-1-N4*-2,11,3.92,20.45,15.3,25.21,394
397,QLL3,1,QLL3-1,N46,QLL3-1-N46,1,QLL3-1-N46-1,1,QLL3-1-N46-1,19,5.59,18.94,15.15,29.82,397
398,QLL3,1,QLL3-1,N46,QLL3-1-N46,1,QLL3-1-N46-1,2,QLL3-1-N46-2,19,5.38,18.79,15.42,30.16,398
451,QLL3,2,QLL3-2,27*,QLL3-2-27*,11,QLL3-2-27*-11,1,QLL3-2-27*-1,19,2.59,18.55,18.26,28.66,451
452,QLL3,2,QLL3-2,27*,QLL3-2-27*,11,QLL3-2-27*-11,2,QLL3-2-27*-2,19,2.71,18.56,17.98,29.12,452
401,QLL3,2,QLL3-2,28,QLL3-2-28,1,QLL3-2-28-1,1,QLL3-2-28-1,25,4.1,21.83,13.44,27.48,401
402,QLL3,2,QLL3-2,28,QLL3-2-28,1,QLL3-2-28-1,2,QLL3-2-28-2,25,3.42,22.29,14.21,28.56,402
405,QLL3,2,QLL3-2,29,QLL3-2-29,1,QLL3-2-29-1,1,QLL3-2-29-1,24,4.39,19.66,14.52,32.68,405
406,QLL3,2,QLL3-2,29,QLL3-2-29,1,QLL3-2-29-1,2,QLL3-2-29-2,24,4.65,20.07,14.3,32.92,406
407,QLL3,2,QLL3-2,30,QLL3-2-30,1,QLL3-2-30-1,1,QLL3-2-30-1,23,4.41,19.83,17.6,30.13,407
408,QLL3,2,QLL3-2,30,QLL3-2-30,1,QLL3-2-30-1,2,QLL3-2-30-2,23,4.7,20.54,16.99,29.98,408
411,QLL3,2,QLL3-2,31,QLL3-2-31,1,QLL3-2-31-1,1,QLL3-2-31-1,27,5.93,19.26,13.78,29.01,411
412,QLL3,2,QLL3-2,31,QLL3-2-31,1,QLL3-2-31-1,2,QLL3-2-31-2,27,5.53,19.73,13.6,29.23,412
415,QLL3,2,QLL3-2,32,QLL3-2-32,31,QLL3-2-32-31,1,QLL3-2-32-1,21,2.3,21.21,15.76,33.6,415
416,QLL3,2,QLL3-2,32,QLL3-2-32,31,QLL3-2-32-31,2,QLL3-2-32-2,21,2.8,21.13,15.83,33.24,416
417,QLL3,2,QLL3-2,35,QLL3-2-35,1,QLL3-2-35-1,1,QLL3-2-35-1,29,6.62,22.5,14.07,31.73,417
418,QLL3,2,QLL3-2,35,QLL3-2-35,1,QLL3-2-35-1,2,QLL3-2-35-2,29,6.32,23.41,13.97,31.03,418
419,QLL3,2,QLL3-2,36,QLL3-2-36,1,QLL3-2-36-1,1,QLL3-2-36-1,26,1.59,17.81,14.59,29,419
420,QLL3,2,QLL3-2,36,QLL3-2-36,1,QLL3-2-36-1,2,QLL3-2-36-2,26,1.72,18.37,14.12,29.6,420
421,QLL3,2,QLL3-2,37,QLL3-2-37,1,QLL3-2-37-1,1,QLL3-2-37-1,19,2.39,18.57,13.35,31.13,421
422,QLL3,2,QLL3-2,37,QLL3-2-37,1,QLL3-2-37-1,2,QLL3-2-37-2,19,2.22,18.84,12.97,30.85,422
425,QLL3,2,QLL3-2,38,QLL3-2-38,1,QLL3-2-38-1,1,QLL3-2-38-1,36,3.44,21.2,13.76,31.83,425
426,QLL3,2,QLL3-2,38,QLL3-2-38,1,QLL3-2-38-1,2,QLL3-2-38-2,36,3.51,21.04,14.06,31.51,426
427,QLL3,2,QLL3-2,39,QLL3-2-39,1,QLL3-2-39-1,1,QLL3-2-39-1,18,3.11,19.51,18.82,32.45,427
428,QLL3,2,QLL3-2,39,QLL3-2-39,1,QLL3-2-39-1,2,QLL3-2-39-2,18,3.42,18.72,18.89,32.66,428
431,QLL3,2,QLL3-2,41,QLL3-2-41,21,QLL3-2-41-21,1,QLL3-2-41-1,26,4.11,20.83,12.39,32.62,431
432,QLL3,2,QLL3-2,41,QLL3-2-41,21,QLL3-2-41-21,2,QLL3-2-41-2,26,4.31,20.19,12.86,32.05,432
437,QLL3,2,QLL3-2,43,QLL3-2-43,41,QLL3-2-43-41,1,QLL3-2-43-1,20,3.82,18.38,15.42,31.65,437
438,QLL3,2,QLL3-2,43,QLL3-2-43,41,QLL3-2-43-41,2,QLL3-2-43-2,20,3.93,19.31,14.58,31.88,438
443,QLL3,2,QLL3-2,44,QLL3-2-44,1,QLL3-2-44-1,1,QLL3-2-44-1,22,7.28,21.22,15.58,30.11,443
444,QLL3,2,QLL3-2,44,QLL3-2-44,1,QLL3-2-44-1,2,QLL3-2-44-2,22,7.16,20.35,16.03,30.23,444
447,QLL3,2,QLL3-2,61,QLL3-2-61,31,QLL3-2-61-31,1,QLL3-2-61-1,14,5.29,20.63,16.78,31.16,447
448,QLL3,2,QLL3-2,61,QLL3-2-61,31,QLL3-2-61-31,2,QLL3-2-61-2,14,5.49,21.01,16.61,31.35,448
449,QLL3,2,QLL3-2,62,QLL3-2-62,1,QLL3-2-62-1,1,QLL3-2-62-1,14,2.67,18.47,12.8,29.27,449
450,QLL3,2,QLL3-2,62,QLL3-2-62,1,QLL3-2-62-1,2,QLL3-2-62-2,14,2.56,18.45,12.82,29.39,450
453,QLL3,2,QLL3-2,N27*,QLL3-2-N27*,1,QLL3-2-N27*-1,1,QLL3-2-N27*-1,17,5.75,19.21,12.3,31.96,453
454,QLL3,2,QLL3-2,N27*,QLL3-2-N27*,1,QLL3-2-N27*-1,2,QLL3-2-N27*-2,17,5.94,19.57,12.2,32.17,454
455,QLL3,2,QLL3-2,N28 a.k.a. 68,QLL3-2-N28 a.k.a. 68,1,QLL3-2-N28 a.k.a. 68-1,1,QLL3-2-N28 a.k.a. 68-1,12,4.85,18.2,11.89,26.51,455
456,QLL3,2,QLL3-2,N28 a.k.a. 69,QLL3-2-N28 a.k.a. 69,1,QLL3-2-N28 a.k.a. 69-1,2,QLL3-2-N28 a.k.a. 69-2,12,4.62,18.51,12.03,26.37,456
457,QLL3,2,QLL3-2,N29,QLL3-2-N29,1,QLL3-2-N29-1,1,QLL3-2-N29-1,18,1.07,20.83,9.19,28.09,457
458,QLL3,2,QLL3-2,N29,QLL3-2-N29,1,QLL3-2-N29-1,2,QLL3-2-N29-2,18,1.92,20.91,10.01,28.92,458
459,QLL3,2,QLL3-2,N30,QLL3-2-N30,1,QLL3-2-N30-1,1,QLL3-2-N30-1,16,3.13,17.81,14.74,31.53,459
460,QLL3,2,QLL3-2,N30,QLL3-2-N30,1,QLL3-2-N30-1,2,QLL3-2-N30-2,16,3,18.58,14.5,31.02,460
461,QLL3,2,QLL3-2,N31,QLL3-2-N31,1,QLL3-2-N31-1,1,QLL3-2-N31-1,14,2.48,15.65,9.72,23.13,461
462,QLL3,2,QLL3-2,N31,QLL3-2-N31,1,QLL3-2-N31-1,2,QLL3-2-N31-2,14,2.43,15.99,10.01,24,462
463,QLL3,2,QLL3-2,N32,QLL3-2-N32,21,QLL3-2-N32-21,1,QLL3-2-N32-1,17,2.33,19.82,15.51,31.83,463
464,QLL3,2,QLL3-2,N32,QLL3-2-N32,21,QLL3-2-N32-21,2,QLL3-2-N32-2,17,2.35,19.83,15.5,33.24,464
465,QLL3,2,QLL3-2,N35,QLL3-2-N35,1,QLL3-2-N35-1,1,QLL3-2-N35-1,27,4.4,20.95,17.01,32.59,465
466,QLL3,2,QLL3-2,N35,QLL3-2-N35,1,QLL3-2-N35-1,2,QLL3-2-N35-2,27,4.69,21.48,17.22,32.63,466
469,QLL3,2,QLL3-2,N38,QLL3-2-N38,1,QLL3-2-N38-1,1,QLL3-2-N38-1,28,3.88,18.71,15.96,32.71,469
470,QLL3,2,QLL3-2,N38,QLL3-2-N38,1,QLL3-2-N38-1,2,QLL3-2-N38-2,28,4.16,19.4,16.13,32.76,470
471,QLL3,2,QLL3-2,N41,QLL3-2-N41,21,QLL3-2-N41-21,1,QLL3-2-N41-1,12,3.29,19.24,11.44,30.61,471
472,QLL3,2,QLL3-2,N41,QLL3-2-N41,21,QLL3-2-N41-21,2,QLL3-2-N41-2,12,3.08,18.34,11.78,29.93,472
473,QLL3,2,QLL3-2,N61,QLL3-2-N61,1,QLL3-2-N61-1,1,QLL3-2-N61-1,16,5.08,20.89,16.28,29.43,473
474,QLL3,2,QLL3-2,N61,QLL3-2-N61,1,QLL3-2-N61-1,2,QLL3-2-N61-2,16,4.99,20.43,16.73,29.6,474
479,QRL1,1,QRL-1,1A,QRL1-1-1A,31,QRL1-1-1A-31,1,QRL1-1-1A-1,26,3.27,20.11,16.56,33.73,479
480,QRL1,1,QRL-1,1A,QRL1-1-1A,31,QRL1-1-1A-31,2,QRL1-1-1A-2,26,3.41,20.2,16.08,33.79,480
481,QRL1,1,QRL-1,1B,QRL1-1-1B,1,QRL1-1-1B-1,1,QRL1-1-1B-1,15,3.11,19.63,15.92,28.1,481
482,QRL1,1,QRL-1,1B,QRL1-1-1B,1,QRL1-1-1B-1,2,QRL1-1-1B-2,15,3.14,19.66,16.17,28.36,482
483,QRL1,1,QRL-1,1E,QRL1-1-1E,21,QRL1-1-1E-21,1,QRL1-1-1E-1,26,2.98,19.61,17.82,32.93,483
484,QRL1,1,QRL-1,1E,QRL1-1-1E,21,QRL1-1-1E-21,2,QRL1-1-1E-2,26,2.82,19.7,17.56,32.66,484
485,QRL1,1,QRL-1,1F,QRL1-1-1F,1,QRL1-1-1F-1,1,QRL1-1-1F-1,11,2.96,21.18,15.36,32.68,485
486,QRL1,1,QRL-1,1F,QRL1-1-1F,1,QRL1-1-1F-1,2,QRL1-1-1F-2,11,2.71,21.52,15.26,32.75,486
487,QRL1,1,QRL-1,1G,QRL1-1-1G,1,QRL1-1-1G-1,1,QRL1-1-1G-1,12,4.38,19.08,12,29.98,487
488,QRL1,1,QRL-1,1G,QRL1-1-1G,1,QRL1-1-1G-1,2,QRL1-1-1G-2,12,4.36,18.94,12.22,29.84,488
489,QRL1,1,QRL-1,1H,QRL1-1-1H,1,QRL1-1-1H-1,1,QRL1-1-1H-1,20,5.38,20.7,14.77,27.51,489
490,QRL1,1,QRL-1,1H,QRL1-1-1H,1,QRL1-1-1H-1,2,QRL1-1-1H-2,20,5.33,20.47,14.75,27.65,490
491,QRL1,1,QRL-1,1J,QRL1-1-1J,1,QRL1-1-1J-1,1,QRL1-1-1J-1,14,6.94,22.22,16.32,27.2,491
492,QRL1,1,QRL-1,1J,QRL1-1-1J,1,QRL1-1-1J-1,2,QRL1-1-1J-2,14,6.72,22.34,16.36,27.04,492
493,QRL1,1,QRL-1,1K,QRL1-1-1K,1,QRL1-1-1K-1,1,QRL1-1-1K-1,19,3.73,20.36,15.48,28.41,493
494,QRL1,1,QRL-1,1K,QRL1-1-1K,1,QRL1-1-1K-1,2,QRL1-1-1K-2,19,3.8,20.12,15.27,28.24,494
495,QRL1,1,QRL-1,1M,QRL1-1-1M,31,QRL1-1-1M-31,1,QRL1-1-1M-1,16,3.78,20.23,14.56,28.42,495
496,QRL1,1,QRL-1,1M,QRL1-1-1M,31,QRL1-1-1M-31,2,QRL1-1-1M-2,16,3.66,20.29,14.42,28.58,496
497,QRL1,1,QRL-1,1N,QRL1-1-1N,1,QRL1-1-1N-1,1,QRL1-1-1N-1,29,3.56,19.38,14.02,27.55,497
498,QRL1,1,QRL-1,1N,QRL1-1-1N,1,QRL1-1-1N-1,2,QRL1-1-1N-2,29,3.24,19.33,13.73,27.36,498
499,QRL1,1,QRL-1,1Oh,QRL1-1-1Oh,21,QRL1-1-1Oh-21,1,QRL1-1-1Oh-1,15,4.2,18.81,13.58,26.8,499
500,QRL1,1,QRL-1,1Oh,QRL1-1-1Oh,21,QRL1-1-1Oh-21,2,QRL1-1-1Oh-2,15,4.44,18.93,13.91,27.2,500
501,QRL1,1,QRL-1,1P,QRL1-1-1P,21,QRL1-1-1P-21,1,QRL1-1-1P-1,25,4.7,21.44,13.84,30.4,501
502,QRL1,1,QRL-1,1P,QRL1-1-1P,21,QRL1-1-1P-21,2,QRL1-1-1P-2,25,4.59,21.13,12.22,30.8,502
503,QRL1,1,QRL-1,1Q,QRL1-1-1Q,1,QRL1-1-1Q-1,1,QRL1-1-1Q-1,15,5.36,20.78,12.52,27.82,503
504,QRL1,1,QRL-1,1Q,QRL1-1-1Q,1,QRL1-1-1Q-1,2,QRL1-1-1Q-2,15,5.36,20.6,12.64,27.8,504
505,QRL1,1,QRL-1,1R,QRL1-1-1R,31,QRL1-1-1R-31,1,QRL1-1-1R-1,11,3.06,18.04,13.86,27.18,505
506,QRL1,1,QRL-1,1R,QRL1-1-1R,31,QRL1-1-1R-31,2,QRL1-1-1R-2,11,3.2,17.96,13.78,27.14,506
507,QRL1,1,QRL-1,1S,QRL1-1-1S,21,QRL1-1-1S-21,1,QRL1-1-1S-1,11,2.14,18.4,11.44,28.26,507
508,QRL1,1,QRL-1,1S,QRL1-1-1S,21,QRL1-1-1S-21,2,QRL1-1-1S-2,11,1.82,18.46,11.82,27.9,508
509,QRL1,1,QRL-1,1T,QRL1-1-1T,21,QRL1-1-1T-21,1,QRL1-1-1T-1,27,4.92,24.66,13.54,NA,509
510,QRL1,1,QRL-1,1T,QRL1-1-1T,21,QRL1-1-1T-21,2,QRL1-1-1T-2,27,4.98,24.6,13.42,NA,510
511,QRL1,1,QRL-1,1U,QRL1-1-1U,1,QRL1-1-1U-1,1,QRL1-1-1U-1,15,4.22,20.56,16.24,30.66,511
512,QRL1,1,QRL-1,1U,QRL1-1-1U,1,QRL1-1-1U-1,2,QRL1-1-1U-2,15,4.1,20.28,16.12,30.12,512
513,QRL1,1,QRL-1,1X,QRL1-1-1X,1,QRL1-1-1X-1,1,QRL1-1-1X-1,29,5.12,19.36,11.73,27.91,513
514,QRL1,1,QRL-1,1X,QRL1-1-1X,1,QRL1-1-1X-1,2,QRL1-1-1X-2,29,5.18,19.76,11.83,28.05,514
475,QRL1,1,QRL-1,85,QRL1-1-85,1,QRL1-1-85-1,1,QRL1-1-85-1,24,5.82,21.5,14.26,29.44,475
476,QRL1,1,QRL-1,85,QRL1-1-85,1,QRL1-1-85-1,2,QRL1-1-85-2,24,5.72,21.8,14.26,29.4,476
477,QRL1,1,QRL-1,86,QRL1-1-86,1,QRL1-1-86-1,1,QRL1-1-86-1,27,2.56,20,14.88,25.4,477
478,QRL1,1,QRL-1,86,QRL1-1-86,1,QRL1-1-86-1,2,QRL1-1-86-2,27,2.62,20.08,14.72,25.48,478
515,QRL1,1,QRL-1,87/1C,QRL1-1-87/1C,31,QRL1-1-87/1C-31,1,QRL1-1-87/1C-1,11,3.4,19.2,14.24,26.86,515
516,QRL1,1,QRL-1,87/1C,QRL1-1-87/1C,31,QRL1-1-87/1C-31,2,QRL1-1-87/1C-2,11,3.12,18.94,14.08,26.86,516
519,QRL1,1,QRL-1,88/1D,QRL1-1-88/1D,31,QRL1-1-88/1D-31,1,QRL1-1-88/1D-1,20,2.96,21.88,14.26,30.88,519
520,QRL1,1,QRL-1,88/1D,QRL1-1-88/1D,31,QRL1-1-88/1D-31,2,QRL1-1-88/1D-2,20,2.68,21.64,14.48,31.08,520
521,QRL1,2,QRL-2,15,QRL1-2-15,11,QRL1-2-15-11,1,QRL1-2-15-1,15,3.54,20.92,13.52,29.94,521
522,QRL1,2,QRL-2,15,QRL1-2-15,11,QRL1-2-15-11,2,QRL1-2-15-2,15,3.4,20.74,13.42,29.9,522
523,QRL1,2,QRL-2,16,QRL1-2-16,1,QRL1-2-16-1,1,QRL1-2-16-1,23,4,19.5,14.56,26.3,523
524,QRL1,2,QRL-2,16,QRL1-2-16,1,QRL1-2-16-1,2,QRL1-2-16-2,23,4.38,19.7,14.8,26.06,524
525,QRL1,2,QRL-2,17,QRL1-2-17,11,QRL1-2-17-11,1,QRL1-2-17-1,29,4.08,20.5,13.5,27.26,525
526,QRL1,2,QRL-2,17,QRL1-2-17,11,QRL1-2-17-11,2,QRL1-2-17-2,29,3.86,20.28,13.46,27.34,526
527,QRL1,2,QRL-2,19,QRL1-2-19,31,QRL1-2-19-31,1,QRL1-2-19-1,27,9.04,26.24,18.44,31.52,527
528,QRL1,2,QRL-2,19,QRL1-2-19,31,QRL1-2-19-31,2,QRL1-2-19-2,27,9.34,26.52,18.08,31.36,528
529,QRL1,2,QRL-2,20,QRL1-2-20,31,QRL1-2-20-31,1,QRL1-2-20-1,12,0,18.2,12.74,29.94,529
530,QRL1,2,QRL-2,20,QRL1-2-20,31,QRL1-2-20-31,2,QRL1-2-20-2,12,0,17.9,12.82,29.94,530
531,QRL1,2,QRL-2,21,QRL1-2-21,41,QRL1-2-21-41,1,QRL1-2-21-1,20,2.64,21.16,12.7,28.62,531
532,QRL1,2,QRL-2,21,QRL1-2-21,41,QRL1-2-21-41,2,QRL1-2-21-2,20,2.54,20.92,12.52,28.54,532
533,QRL1,2,QRL-2,22,QRL1-2-22,1,QRL1-2-22-1,1,QRL1-2-22-1,18,3.36,21.42,16.62,31.98,533
534,QRL1,2,QRL-2,22,QRL1-2-22,1,QRL1-2-22-1,2,QRL1-2-22-2,18,3.26,21.3,16.36,32.06,534
537,QRL1,2,QRL-2,23,QRL1-2-23,31,QRL1-2-23-31,1,QRL1-2-23-1,20,1.16,20.1,14.58,32.08,537
538,QRL1,2,QRL-2,23,QRL1-2-23,31,QRL1-2-23-31,2,QRL1-2-23-2,20,1,20,14.78,32.3,538
541,QRL1,2,QRL-2,24,QRL1-2-24,111,QRL1-2-24-111,1,QRL1-2-24-1,15,4.34,20.38,17.06,31.46,541
542,QRL1,2,QRL-2,24,QRL1-2-24,111,QRL1-2-24-111,2,QRL1-2-24-2,15,4.4,20.5,16.96,31.78,542
545,QRL1,2,QRL-2,26,QRL1-2-26,1,QRL1-2-26-1,1,QRL1-2-26-1,27,4.08,18.2,16.04,27.6,545
546,QRL1,2,QRL-2,26,QRL1-2-26,1,QRL1-2-26-1,2,QRL1-2-26-2,27,4.1,18.06,16.3,27.5,546
547,QRL1,2,QRL-2,27,QRL1-2-27,1,QRL1-2-27-1,1,QRL1-2-27-1,28,6,26.84,18.02,33.4,547
548,QRL1,2,QRL-2,27,QRL1-2-27,1,QRL1-2-27-1,2,QRL1-2-27-2,28,6.02,26.68,18.24,33.36,548
549,QRL1,2,QRL-2,28,QRL1-2-28,51,QRL1-2-28-51,1,QRL1-2-28-1,22,3.04,21.06,12.9,30.6,549
550,QRL1,2,QRL-2,28,QRL1-2-28,51,QRL1-2-28-51,2,QRL1-2-28-2,22,3.26,21.02,13.06,30.8,550
563,QRL1,2,QRL-2,2A,QRL1-2-2A,1,QRL1-2-2A-1,1,QRL1-2-2A-1,23,3.06,21.18,15.69,33.06,563
564,QRL1,2,QRL-2,2A,QRL1-2-2A,1,QRL1-2-2A-1,2,QRL1-2-2A-2,23,3.36,20.98,15.8,33.26,564
565,QRL1,2,QRL-2,2B,QRL1-2-2B,1,QRL1-2-2B-1,1,QRL1-2-2B-1,11,4.54,18.87,14.96,29.44,565
566,QRL1,2,QRL-2,2B,QRL1-2-2B,1,QRL1-2-2B-1,2,QRL1-2-2B-2,11,4.5,18.73,15.18,29.77,566
567,QRL1,2,QRL-2,2C,QRL1-2-2C,1,QRL1-2-2C-1,1,QRL1-2-2C-1,17,4.77,19.38,15.71,29.6,567
568,QRL1,2,QRL-2,2C,QRL1-2-2C,1,QRL1-2-2C-1,2,QRL1-2-2C-2,17,4.55,19.82,15.44,29.59,568
569,QRL1,2,QRL-2,2D,QRL1-2-2D,31,QRL1-2-2D-31,1,QRL1-2-2D-1,11,4.04,19.58,14.82,31.5,569
570,QRL1,2,QRL-2,2D,QRL1-2-2D,31,QRL1-2-2D-31,2,QRL1-2-2D-2,11,4.09,19.69,15,31.52,570
571,QRL1,2,QRL-2,2E,QRL1-2-2E,21,QRL1-2-2E-21,1,QRL1-2-2E-1,16,7.76,22.12,15.86,30.59,571
572,QRL1,2,QRL-2,2E,QRL1-2-2E,21,QRL1-2-2E-21,2,QRL1-2-2E-2,16,7.39,22.31,15.88,30.7,572
573,QRL1,2,QRL-2,2F,QRL1-2-2F,311,QRL1-2-2F-311,1,QRL1-2-2F-1,11,3.24,18.77,13.39,30.74,573
574,QRL1,2,QRL-2,2F,QRL1-2-2F,311,QRL1-2-2F-311,2,QRL1-2-2F-2,11,2.95,18.62,13.06,30.52,574
575,QRL1,2,QRL-2,2G,QRL1-2-2G,1,QRL1-2-2G-1,1,QRL1-2-2G-1,25,4.08,19.55,15.49,28.15,575
576,QRL1,2,QRL-2,2G,QRL1-2-2G,1,QRL1-2-2G-1,2,QRL1-2-2G-2,25,3.99,19.81,15.48,28.37,576
551,QRL1,2,QRL-2,53,QRL1-2-53,311,QRL1-2-53-311,1,QRL1-2-53-1,26,3.76,17.98,13.56,30.5,551
552,QRL1,2,QRL-2,53,QRL1-2-53,311,QRL1-2-53-311,2,QRL1-2-53-2,26,3.54,17.94,13.6,30.5,552
553,QRL1,2,QRL-2,54,QRL1-2-54,1,QRL1-2-54-1,1,QRL1-2-54-1,13,2.36,20.76,13.86,30.56,553
554,QRL1,2,QRL-2,54,QRL1-2-54,1,QRL1-2-54-1,2,QRL1-2-54-2,13,2.46,20.92,13.58,30.36,554
555,QRL1,2,QRL-2,55,QRL1-2-55,21,QRL1-2-55-21,1,QRL1-2-55-1,28,3,19.86,14.72,29.42,555
556,QRL1,2,QRL-2,55,QRL1-2-55,21,QRL1-2-55-21,2,QRL1-2-55-2,28,3.26,19.72,14.58,29.48,556
559,QRL1,2,QRL-2,56,QRL1-2-56,1,QRL1-2-56-1,1,QRL1-2-56-1,25,3.8,22.38,18.12,30.98,559
560,QRL1,2,QRL-2,56,QRL1-2-56,1,QRL1-2-56-1,2,QRL1-2-56-2,25,3.92,22.64,17.82,30.98,560
561,QRL1,2,QRL-2,58,QRL1-2-58,21,QRL1-2-58-21,1,QRL1-2-58-1,29,7.78,26.4,16.2,30.08,561
562,QRL1,2,QRL-2,58,QRL1-2-58,21,QRL1-2-58-21,2,QRL1-2-58-2,29,7.62,26.64,16.42,30.06,562
577,QRL1,2,QRL-2,N2,QRL1-2-N2,31,QRL1-2-N2-31,1,QRL1-2-N2-1,22,3.18,22.88,15.14,31.92,577
578,QRL1,2,QRL-2,N2,QRL1-2-N2,31,QRL1-2-N2-31,2,QRL1-2-N2-2,22,2.98,23.18,15.42,32.1,578
579,QRL1,2,QRL-2,N26,QRL1-2-N26,21,QRL1-2-N26-21,1,QRL1-2-N26-1,24,5.01,21.62,16.4,33.24,579
580,QRL1,2,QRL-2,N26,QRL1-2-N26,21,QRL1-2-N26-21,2,QRL1-2-N26-2,24,4.68,21.9,16.6,33.7,580
581,QRL1,2,QRL-2,N3,QRL1-2-N3,1,QRL1-2-N3-1,1,QRL1-2-N3-1,17,0,17.78,11.78,22.46,581
582,QRL1,2,QRL-2,N3,QRL1-2-N3,1,QRL1-2-N3-1,2,QRL1-2-N3-2,17,0,17.82,11.6,22.7,582
583,QRL1,2,QRL-2,N5,QRL1-2-N5,31,QRL1-2-N5-31,1,QRL1-2-N5-1,18,2.6,21.46,14.06,30.26,583
584,QRL1,2,QRL-2,N5,QRL1-2-N5,31,QRL1-2-N5-31,2,QRL1-2-N5-2,18,2.6,21.24,15.44,30.3,584
605,QRL2,1,QRL-3,13,QRL2-1-13,21,QRL2-1-13-21,1,QRL2-1-13-1,13,7.08,20.9,16.64,27.4,605
606,QRL2,1,QRL-3,13,QRL2-1-13,21,QRL2-1-13-21,2,QRL2-1-13-2,13,7.3,20.64,16.48,27.68,606
585,QRL2,1,QRL-3,3,QRL2-1-3,1,QRL2-1-3-1,1,QRL2-1-3-1,29,6.34,21.8,18.04,31.12,585
586,QRL2,1,QRL-3,3,QRL2-1-3,1,QRL2-1-3-1,2,QRL2-1-3-2,29,6.48,22.06,18.32,31.34,586
607,QRL2,1,QRL-3,30,QRL2-1-30,1,QRL2-1-30-1,1,QRL2-1-30-1,27,2.98,17.98,13.58,27.78,607
608,QRL2,1,QRL-3,30,QRL2-1-30,1,QRL2-1-30-1,2,QRL2-1-30-2,27,2.76,18.22,13.7,27.76,608
639,QRL2,1,QRL-3,3A,QRL2-1-3A,1,QRL2-1-3A-1,1,QRL2-1-3A-1,27,2,19.57,17.65,28.7,639
640,QRL2,1,QRL-3,3A,QRL2-1-3A,1,QRL2-1-3A-1,2,QRL2-1-3A-2,27,2.13,19.44,17.31,28.61,640
641,QRL2,1,QRL-3,3B,QRL2-1-3B,1,QRL2-1-3B-1,1,QRL2-1-3B-1,18,3.98,21.46,17.45,31.74,641
642,QRL2,1,QRL-3,3B,QRL2-1-3B,1,QRL2-1-3B-1,2,QRL2-1-3B-2,18,3.65,21.86,17.19,31.88,642
643,QRL2,1,QRL-3,3C,QRL2-1-3C,1,QRL2-1-3C-1,1,QRL2-1-3C-1,11,2.55,20.22,14.95,31.77,643
644,QRL2,1,QRL-3,3C,QRL2-1-3C,1,QRL2-1-3C-1,2,QRL2-1-3C-2,11,2.66,19.69,14.96,32.25,644
645,QRL2,1,QRL-3,3D,QRL2-1-3D,1,QRL2-1-3D-1,1,QRL2-1-3D-1,17,4.53,21.94,17.16,29.56,645
646,QRL2,1,QRL-3,3D,QRL2-1-3D,1,QRL2-1-3D-1,2,QRL2-1-3D-2,17,4.38,21.6,17.28,29.6,646
647,QRL2,1,QRL-3,3E,QRL2-1-3E,1,QRL2-1-3E-1,1,QRL2-1-3E-1,18,4.62,17.67,15.64,25.48,647
648,QRL2,1,QRL-3,3E,QRL2-1-3E,1,QRL2-1-3E-1,2,QRL2-1-3E-2,18,4.41,17.94,15.58,25.45,648
649,QRL2,1,QRL-3,3F,QRL2-1-3F,21,QRL2-1-3F-21,1,QRL2-1-3F-1,17,0.95,16.04,10.61,29.37,649
650,QRL2,1,QRL-3,3F,QRL2-1-3F,21,QRL2-1-3F-21,2,QRL2-1-3F-2,17,0.74,16.02,10.93,28.67,650
651,QRL2,1,QRL-3,3G,QRL2-1-3G,31,QRL2-1-3G-31,1,QRL2-1-3G-1,12,1.31,17.85,16.11,29.55,651
652,QRL2,1,QRL-3,3G,QRL2-1-3G,31,QRL2-1-3G-31,2,QRL2-1-3G-2,12,1.29,17.56,15.95,29.8,652
587,QRL2,1,QRL-3,4,QRL2-1-4,1,QRL2-1-4-1,1,QRL2-1-4-1,21,1.42,20.52,17.7,30.02,587
588,QRL2,1,QRL-3,4,QRL2-1-4,1,QRL2-1-4-1,2,QRL2-1-4-2,21,1.4,20.36,17.86,30.18,588
609,QRL2,1,QRL-3,43,QRL2-1-43,41,QRL2-1-43-41,1,QRL2-1-43-1,26,3.14,20.44,15.96,29.16,609
610,QRL2,1,QRL-3,43,QRL2-1-43,41,QRL2-1-43-41,2,QRL2-1-43-2,26,3.1,20.3,15.74,29.2,610
613,QRL2,1,QRL-3,45,QRL2-1-45,1,QRL2-1-45-1,1,QRL2-1-45-1,23,2.86,22.28,20.22,32.82,613
614,QRL2,1,QRL-3,45,QRL2-1-45,1,QRL2-1-45-1,2,QRL2-1-45-2,23,2.66,22.22,20.4,32.9,614
615,QRL2,1,QRL-3,46,QRL2-1-46,1,QRL2-1-46-1,1,QRL2-1-46-1,16,4.78,22.28,16.94,32.5,615
616,QRL2,1,QRL-3,46,QRL2-1-46,1,QRL2-1-46-1,2,QRL2-1-46-2,16,4.92,22.18,17,32.5,616
619,QRL2,1,QRL-3,47,QRL2-1-47,21,QRL2-1-47-21,1,QRL2-1-47-1,28,5.94,22.24,12.82,30.42,619
620,QRL2,1,QRL-3,47,QRL2-1-47,21,QRL2-1-47-21,2,QRL2-1-47-2,28,6.24,22.36,13.14,30.68,620
623,QRL2,1,QRL-3,48,QRL2-1-48,21,QRL2-1-48-21,1,QRL2-1-48-1,22,2.8,17.78,13.36,14.68,623
624,QRL2,1,QRL-3,48,QRL2-1-48,21,QRL2-1-48-21,2,QRL2-1-48-2,22,3.12,17.92,13.52,14.64,624
591,QRL2,1,QRL-3,5,QRL2-1-5,21,QRL2-1-5-21,1,QRL2-1-5-1,14,4.88,20.68,12.4,29.78,591
592,QRL2,1,QRL-3,5,QRL2-1-5,21,QRL2-1-5-21,2,QRL2-1-5-2,14,4.78,20.46,12.54,29.66,592
625,QRL2,1,QRL-3,50,QRL2-1-50,11,QRL2-1-50-11,1,QRL2-1-50-1,29,3.1,20.16,13.94,27.44,625
626,QRL2,1,QRL-3,50,QRL2-1-50,11,QRL2-1-50-11,2,QRL2-1-50-2,29,3.21,19.9,14.04,27.76,626
629,QRL2,1,QRL-3,51,QRL2-1-51,21,QRL2-1-51-21,1,QRL2-1-51-1,29,2.68,20.92,15.5,33.34,629
630,QRL2,1,QRL-3,51,QRL2-1-51,21,QRL2-1-51-21,2,QRL2-1-51-2,29,2.8,21.08,15.46,33.16,630
631,QRL2,1,QRL-3,52,QRL2-1-52,31,QRL2-1-52-31,1,QRL2-1-52-1,11,1.18,17.48,14.92,28.3,631
632,QRL2,1,QRL-3,52,QRL2-1-52,31,QRL2-1-52-31,2,QRL2-1-52-2,11,1.08,17.52,14.66,28.44,632
593,QRL2,1,QRL-3,6,QRL2-1-6,21,QRL2-1-6-21,1,QRL2-1-6-1,27,8.04,23.44,13.64,32.52,593
594,QRL2,1,QRL-3,6,QRL2-1-6,21,QRL2-1-6-21,2,QRL2-1-6-2,27,8.06,23.4,13.82,33.36,594
595,QRL2,1,QRL-3,7,QRL2-1-7,21,QRL2-1-7-21,1,QRL2-1-7-1,27,3.7,20.1,14.62,28.06,595
596,QRL2,1,QRL-3,7,QRL2-1-7,21,QRL2-1-7-21,2,QRL2-1-7-2,27,3.88,20.06,14.54,27.92,596
633,QRL2,1,QRL-3,71,QRL2-1-71,1,QRL2-1-71-1,1,QRL2-1-71-1,16,1.7,21.62,15.38,32.08,633
634,QRL2,1,QRL-3,71,QRL2-1-71,1,QRL2-1-71-1,2,QRL2-1-71-2,16,1.58,21.34,15.7,32.3,634
635,QRL2,1,QRL-3,73,QRL2-1-73,31,QRL2-1-73-31,1,QRL2-1-73-1,11,2.1,12.94,13.92,27,635
636,QRL2,1,QRL-3,73,QRL2-1-73,31,QRL2-1-73-31,2,QRL2-1-73-2,11,2.2,12.86,14.12,26.92,636
637,QRL2,1,QRL-3,74,QRL2-1-74,51,QRL2-1-74-51,1,QRL2-1-74-1,14,3.18,20.88,14.98,29.82,637
638,QRL2,1,QRL-3,74,QRL2-1-74,51,QRL2-1-74-51,2,QRL2-1-74-2,14,3,20.92,15.22,29.66,638
599,QRL2,1,QRL-3,8,QRL2-1-8,21,QRL2-1-8-21,1,QRL2-1-8-1,11,4.06,20.72,15.2,29.74,599
600,QRL2,1,QRL-3,8,QRL2-1-8,21,QRL2-1-8-21,2,QRL2-1-8-2,11,3.82,20.68,15.42,30.02,600
603,QRL2,1,QRL-3,9,QRL2-1-9,21,QRL2-1-9-21,1,QRL2-1-9-1,15,5.24,22.2,17.32,30.64,603
604,QRL2,1,QRL-3,9,QRL2-1-9,21,QRL2-1-9-21,2,QRL2-1-9-2,15,5.22,22.42,17.62,30.6,604
653,QRL2,2,QRL-4,4A,QRL2-2-4A,31,QRL2-2-4A-31,1,QRL2-2-4A-1,15,0.86,16.68,16.87,30.29,653
654,QRL2,2,QRL-4,4A,QRL2-2-4A,31,QRL2-2-4A-31,2,QRL2-2-4A-2,15,0.66,16.72,16.71,30.46,654
655,QRL2,2,QRL-4,4B,QRL2-2-4B,1,QRL2-2-4B-1,1,QRL2-2-4B-1,11,1.42,24.18,15.63,34,655
656,QRL2,2,QRL-4,4B,QRL2-2-4B,1,QRL2-2-4B-1,2,QRL2-2-4B-2,11,1.83,23.78,15.85,33.88,656
657,QRL2,2,QRL-4,4C,QRL2-2-4C,1,QRL2-2-4C-1,1,QRL2-2-4C-1,23,2.7,19.87,15.44,29.91,657
658,QRL2,2,QRL-4,4C,QRL2-2-4C,1,QRL2-2-4C-1,2,QRL2-2-4C-2,23,2.61,20.05,15.6,29.73,658
659,QRL2,2,QRL-4,4D,QRL2-2-4D,41,QRL2-2-4D-41,1,QRL2-2-4D-1,23,4,22.81,16.78,30.18,659
660,QRL2,2,QRL-4,4D,QRL2-2-4D,41,QRL2-2-4D-41,2,QRL2-2-4D-2,23,4.5,23.25,17.19,30.45,660
661,QRL2,2,QRL-4,4E,QRL2-2-4E,1,QRL2-2-4E-1,1,QRL2-2-4E-1,12,2.07,17.12,12.86,27.33,661
662,QRL2,2,QRL-4,4E,QRL2-2-4E,1,QRL2-2-4E-1,2,QRL2-2-4E-2,12,2.22,17.24,12.35,27.53,662
663,QRL2,2,QRL-4,4F,QRL2-2-4F,1,QRL2-2-4F-1,1,QRL2-2-4F-1,18,1.94,17.14,11.84,27.52,663
664,QRL2,2,QRL-4,4F,QRL2-2-4F,1,QRL2-2-4F-1,2,QRL2-2-4F-2,18,1.86,16.92,12.12,27.58,664
665,QRL2,2,QRL-4,4G,QRL2-2-4G,11,QRL2-2-4G-11,1,QRL2-2-4G-1,11,2.7,19.3,15.5,29.7,665
666,QRL2,2,QRL-4,4G,QRL2-2-4G,11,QRL2-2-4G-11,2,QRL2-2-4G-2,11,2.84,19.54,15.26,29.46,666
667,QRL2,2,QRL-4,4H,QRL2-2-4H,31,QRL2-2-4H-31,1,QRL2-2-4H-1,11,3.5,20.28,17.76,36.66,667
668,QRL2,2,QRL-4,4H,QRL2-2-4H,31,QRL2-2-4H-31,2,QRL2-2-4H-2,11,3.54,19.94,17.96,36.88,668
669,QRL2,2,QRL-4,4I,QRL2-2-4I,1,QRL2-2-4I-1,1,QRL2-2-4I-1,11,6.62,22.36,16.68,33.08,669
670,QRL2,2,QRL-4,4I,QRL2-2-4I,1,QRL2-2-4I-1,2,QRL2-2-4I-2,11,6.68,22.24,16.6,32.78,670
671,QRL2,2,QRL-4,4J,QRL2-2-4J,31,QRL2-2-4J-31,1,QRL2-2-4J-1,22,3.54,18.02,11.12,26.36,671
672,QRL2,2,QRL-4,4J,QRL2-2-4J,31,QRL2-2-4J-31,2,QRL2-2-4J-2,22,3.28,17.8,10.88,26.58,672
673,QRL2,2,QRL-4,4K,QRL2-2-4K,321,QRL2-2-4K-321,1,QRL2-2-4K-1,14,2.64,19,13.1,28.56,673
674,QRL2,2,QRL-4,4K,QRL2-2-4K,321,QRL2-2-4K-321,2,QRL2-2-4K-2,14,2.84,19.02,12.9,28.6,674
675,QRL2,2,QRL-4,4L,QRL2-2-4L,11,QRL2-2-4L-11,1,QRL2-2-4L-1,15,1.24,18.06,17.86,32.4,675
676,QRL2,2,QRL-4,4L,QRL2-2-4L,11,QRL2-2-4L-11,2,QRL2-2-4L-2,15,1.1,18.06,17.88,32.6,676
677,QRL2,2,QRL-4,4M,QRL2-2-4M,41,QRL2-2-4M-41,1,QRL2-2-4M-1,11,3.12,19.9,12.4,26.9,677
678,QRL2,2,QRL-4,4M,QRL2-2-4M,41,QRL2-2-4M-41,2,QRL2-2-4M-2,11,2.96,20.1,12.12,26.6,678
679,QRL2,2,QRL-4,4P,QRL2-2-4P,1,QRL2-2-4P-1,1,QRL2-2-4P-1,22,5.9,24.7,16.1,32.7,679
680,QRL2,2,QRL-4,4P,QRL2-2-4P,1,QRL2-2-4P-1,2,QRL2-2-4P-2,22,5.94,24.76,16.08,32.92,680
683,QRL2,2,QRL-4,4R,QRL2-2-4R,1,QRL2-2-4R-1,1,QRL2-2-4R-1,16,2.9,19.6,17.3,30.2,683
684,QRL2,2,QRL-4,4R,QRL2-2-4R,1,QRL2-2-4R-1,2,QRL2-2-4R-2,16,2.9,19.9,17.5,30.56,684
685,QRL2,2,QRL-4,4S,QRL2-2-4S,1,QRL2-2-4S-1,1,QRL2-2-4S-1,12,0.8,17.06,13.14,29.86,685
686,QRL2,2,QRL-4,4S,QRL2-2-4S,1,QRL2-2-4S-1,2,QRL2-2-4S-2,12,0.86,16.82,13.16,29.54,686
681,QRL2,2,QRL-4,4U,QRL2-2-4U,31,QRL2-2-4U-31,1,QRL2-2-4U-1,27,5.78,20.96,19.44,32.38,681
682,QRL2,2,QRL-4,4U,QRL2-2-4U,31,QRL2-2-4U-31,2,QRL2-2-4U-2,27,5.64,21.1,19.62,32,682
687,QRL2,2,QRL-4,4V,QRL2-2-4V,1,QRL2-2-4V-1,1,QRL2-2-4V-1,17,3.58,19.9,18.78,28.86,687
688,QRL2,2,QRL-4,4V,QRL2-2-4V,1,QRL2-2-4V-1,2,QRL2-2-4V-2,17,3.52,20.06,18.74,28.58,688
689,QRL2,2,QRL-4,4W,QRL2-2-4W,1,QRL2-2-4W-1,1,QRL2-2-4W-1,16,2.94,29.28,14.56,30.5,689
690,QRL2,2,QRL-4,4W,QRL2-2-4W,1,QRL2-2-4W-1,2,QRL2-2-4W-2,16,2.82,29.38,14.84,30.6,690
691,QRL2,2,QRL-4,4X,QRL2-2-4X,11,QRL2-2-4X-11,1,QRL2-2-4X-1,11,2.8,18.58,12.52,29.32,691
692,QRL2,2,QRL-4,4X,QRL2-2-4X,11,QRL2-2-4X-11,2,QRL2-2-4X-2,11,2.82,18.3,12.8,29.5,692
695,QRL2,2,QRL-4,4Y,QRL2-2-4Y,21,QRL2-2-4Y-21,1,QRL2-2-4Y-1,17,0,19.72,15.9,30.9,695
696,QRL2,2,QRL-4,4Y,QRL2-2-4Y,21,QRL2-2-4Y-21,2,QRL2-2-4Y-2,17,0,19.28,15.62,30.94,696
699,QTUR,1,QTUR-1,1A,QTUR-1-1A,21,QTUR-1-1A-21,1,QTUR-1-1A-1,20,5.94,23.28,15.87,30.93,699
700,QTUR,1,QTUR-1,1A,QTUR-1-1A,21,QTUR-1-1A-21,2,QTUR-1-1A-2,20,5.51,23.33,15.66,30.85,700
701,QTUR,1,QTUR-1,1B,QTUR-1-1B,41,QTUR-1-1B-41,1,QTUR-1-1B-1,10,1.41,20.37,17.28,32.78,701
702,QTUR,1,QTUR-1,1B,QTUR-1-1B,41,QTUR-1-1B-41,2,QTUR-1-1B-2,10,1.21,20.4,17.7,32.76,702
703,QTUR,1,QTUR-1,1C,QTUR-1-1C,1,QTUR-1-1C-1,1,QTUR-1-1C-1,13,1.57,18.55,13.78,29.68,703
704,QTUR,1,QTUR-1,1C,QTUR-1-1C,1,QTUR-1-1C-1,2,QTUR-1-1C-2,13,2.15,19.97,13.88,29.81,704
705,QTUR,1,QTUR-1,1D,QTUR-1-1D,21,QTUR-1-1D-21,1,QTUR-1-1D-1,9,2.41,17.32,13.03,25.98,705
706,QTUR,1,QTUR-1,1D,QTUR-1-1D,21,QTUR-1-1D-21,2,QTUR-1-1D-2,9,2.26,17.5,12.73,25.79,706
707,QTUR,1,QTUR-1,1E,QTUR-1-1E,1,QTUR-1-1E-1,1,QTUR-1-1E-1,11,3.44,17.77,14.82,25.95,707
708,QTUR,1,QTUR-1,1E,QTUR-1-1E,1,QTUR-1-1E-1,2,QTUR-1-1E-2,11,3.05,17.49,14.56,25.74,708
709,QTUR,1,QTUR-1,1F,QTUR-1-1F,31,QTUR-1-1F-31,1,QTUR-1-1F-1,29,3.79,21.1,14.25,28.86,709
710,QTUR,1,QTUR-1,1F,QTUR-1-1F,31,QTUR-1-1F-31,2,QTUR-1-1F-2,29,4,21.21,14.2,28.94,710
711,QTUR,1,QTUR-1,1G,QTUR-1-1G,51,QTUR-1-1G-51,1,QTUR-1-1G-1,15,0,16.35,13.45,29.42,711
712,QTUR,1,QTUR-1,1G,QTUR-1-1G,51,QTUR-1-1G-51,2,QTUR-1-1G-2,15,0,16,13.42,29.41,712
713,QTUR,1,QTUR-1,1H,QTUR-1-1H,21,QTUR-1-1H-21,1,QTUR-1-1H-1,23,6.85,23.52,17.33,33.67,713
714,QTUR,1,QTUR-1,1H,QTUR-1-1H,21,QTUR-1-1H-21,2,QTUR-1-1H-2,23,7.17,23.4,17.4,33.42,714
715,QTUR,1,QTUR-1,1I,QTUR-1-1I,1,QTUR-1-1I-1,1,QTUR-1-1I-1,17,3.67,18.52,18.95,26.81,715
716,QTUR,1,QTUR-1,1I,QTUR-1-1I,1,QTUR-1-1I-1,2,QTUR-1-1I-2,17,3.61,18.41,18.63,26.99,716
717,QTUR,1,QTUR-1,1J,QTUR-1-1J,1,QTUR-1-1J-1,1,QTUR-1-1J-1,11,2.52,16.84,12.3,27.05,717
718,QTUR,1,QTUR-1,1J,QTUR-1-1J,1,QTUR-1-1J-1,2,QTUR-1-1J-2,11,2.57,17,12.52,27.17,718
720,QTUR,1,QTUR-1,1K,QTUR-1-1K,1,QTUR-1-1K-1,2,QTUR-1-1K-2,15,2.7,17.25,13.33,24.47,720
719,QTUR,1,QTUR-1,1K,QTUR-1-1K,11,QTUR-1-1K-11,1,QTUR-1-1K-1,15,2.64,17.17,13.49,24.24,719
721,QTUR,1,QTUR-1,1L,QTUR-1-1L,1,QTUR-1-1L-1,1,QTUR-1-1L-1,11,3.12,19.96,14.99,31.66,721
722,QTUR,1,QTUR-1,1L,QTUR-1-1L,1,QTUR-1-1L-1,2,QTUR-1-1L-2,11,3,20.1,14.77,31.74,722
723,QTUR,1,QTUR-1,1M,QTUR-1-1M,21,QTUR-1-1M-21,1,QTUR-1-1M-1,14,2.96,23.61,17.46,31.19,723
724,QTUR,1,QTUR-1,1M,QTUR-1-1M,21,QTUR-1-1M-21,2,QTUR-1-1M-2,14,3.02,23.43,17.72,31.21,724
725,QTUR,1,QTUR-1,1N,QTUR-1-1N,1,QTUR-1-1N-1,1,QTUR-1-1N-1,12,1.91,18.22,13.8,28.27,725
726,QTUR,1,QTUR-1,1N,QTUR-1-1N,1,QTUR-1-1N-1,2,QTUR-1-1N-2,12,2.12,18.09,13.76,28.12,726
727,QTUR,1,QTUR-1,1O,QTUR-1-1O,21,QTUR-1-1O-21,1,QTUR-1-1O-1,12,2.15,18.99,13.65,25.79,727
728,QTUR,1,QTUR-1,1O,QTUR-1-1O,21,QTUR-1-1O-21,2,QTUR-1-1O-2,12,2.31,19.27,16.01,26.02,728
729,QTUR,1,QTUR-1,1P,QTUR-1-1P,11,QTUR-1-1P-11,1,QTUR-1-1P-1,18,3.89,19.42,17.44,32.08,729
730,QTUR,1,QTUR-1,1P,QTUR-1-1P,11,QTUR-1-1P-11,2,QTUR-1-1P-2,18,3.5,19.26,17.23,31.69,730
731,QTUR,1,QTUR-1,1Q,QTUR-1-1Q,11,QTUR-1-1Q-11,1,QTUR-1-1Q-1,19,1.66,19.46,13.5,29.52,731
732,QTUR,1,QTUR-1,1Q,QTUR-1-1Q,11,QTUR-1-1Q-11,2,QTUR-1-1Q-2,19,1.66,19.7,13.46,29.62,732
733,QTUR,1,QTUR-1,1R,QTUR-1-1R,11,QTUR-1-1R-11,1,QTUR-1-1R-1,19,4.34,21.22,13.7,29.76,733
734,QTUR,1,QTUR-1,1R,QTUR-1-1R,11,QTUR-1-1R-11,2,QTUR-1-1R-2,19,4.4,21.1,13.92,29.58,734
735,QTUR,1,QTUR-1,1S,QTUR-1-1S,11,QTUR-1-1S-11,1,QTUR-1-1S-1,15,1.56,16.9,13.56,27.88,735
736,QTUR,1,QTUR-1,1S,QTUR-1-1S,11,QTUR-1-1S-11,2,QTUR-1-1S-2,15,1.56,17.06,13.66,27.68,736
737,QTUR,1,QTUR-1,1T,QTUR-1-1T,11,QTUR-1-1T-11,1,QTUR-1-1T-1,11,0,9.66,13.52,26.6,737
738,QTUR,1,QTUR-1,1T,QTUR-1-1T,11,QTUR-1-1T-11,2,QTUR-1-1T-2,11,0,9.38,13.6,28.82,738
739,QTUR,1,QTUR-1,1U,QTUR-1-1U,1,QTUR-1-1U-1,1,QTUR-1-1U-1,15,1.88,20.54,15.02,29.36,739
740,QTUR,1,QTUR-1,1U,QTUR-1-1U,1,QTUR-1-1U-1,2,QTUR-1-1U-2,15,1.88,20.64,14.98,29.48,740
741,QTUR,1,QTUR-1,1V,QTUR-1-1V,1,QTUR-1-1V-1,1,QTUR-1-1V-1,11,0.7,17.5,14.34,27.24,741
742,QTUR,1,QTUR-1,1V,QTUR-1-1V,1,QTUR-1-1V-1,2,QTUR-1-1V-2,11,0.6,17.42,14.08,27.28,742
743,QTUR,1,QTUR-1,1W,QTUR-1-1W,21,QTUR-1-1W-21,1,QTUR-1-1W-1,20,4.3,18.92,14.26,28.52,743
744,QTUR,1,QTUR-1,1W,QTUR-1-1W,21,QTUR-1-1W-21,2,QTUR-1-1W-2,20,4.04,19.2,14.02,28.54,744
745,QTUR,1,QTUR-1,1X,QTUR-1-1X,21,QTUR-1-1X-21,1,QTUR-1-1X-1,11,3.4,16.54,12.44,27.38,745
746,QTUR,1,QTUR-1,1X,QTUR-1-1X,21,QTUR-1-1X-21,2,QTUR-1-1X-2,11,3.14,17.46,13.64,27.6,746
747,QTUR,1,QTUR-1,1Y,QTUR-1-1Y,1,QTUR-1-1Y-1,1,QTUR-1-1Y-1,11,0,16.54,11.92,27.1,747
748,QTUR,1,QTUR-1,1Y,QTUR-1-1Y,1,QTUR-1-1Y-1,2,QTUR-1-1Y-2,11,0,16.38,11.98,27.12,748
749,QTUR,2,QTUR-2,2A,QTUR-2-2A,21,QTUR-2-2A-21,1,QTUR-2-2A-1,21,4.29,20.28,14.02,30.23,749
750,QTUR,2,QTUR-2,2A,QTUR-2-2A,21,QTUR-2-2A-21,2,QTUR-2-2A-2,21,4.42,20.58,14.48,30.1,750
751,QTUR,2,QTUR-2,2B,QTUR-2-2B,1,QTUR-2-2B-1,1,QTUR-2-2B-1,25,0.82,19.21,13.97,29.25,751
752,QTUR,2,QTUR-2,2B,QTUR-2-2B,1,QTUR-2-2B-1,2,QTUR-2-2B-2,25,0.69,19.33,13.43,29.33,752
753,QTUR,2,QTUR-2,2C,QTUR-2-2C,1,QTUR-2-2C-1,1,QTUR-2-2C-1,16,0.22,15.38,11.72,27.48,753
754,QTUR,2,QTUR-2,2C,QTUR-2-2C,1,QTUR-2-2C-1,2,QTUR-2-2C-2,16,0.32,15.4,11.58,27.56,754
755,QTUR,2,QTUR-2,2D,QTUR-2-2D,11,QTUR-2-2D-11,1,QTUR-2-2D-1,15,2.31,17.89,15.21,28.42,755
756,QTUR,2,QTUR-2,2D,QTUR-2-2D,11,QTUR-2-2D-11,2,QTUR-2-2D-2,15,2.56,18.29,15.13,28.72,756
757,QTUR,2,QTUR-2,2E,QTUR-2-2E,111,QTUR-2-2E-111,1,QTUR-2-2E-1,18,0.48,17.3,11.03,26.28,757
758,QTUR,2,QTUR-2,2E,QTUR-2-2E,111,QTUR-2-2E-111,2,QTUR-2-2E-2,18,0.34,17.31,11.09,26.35,758
759,QTUR,2,QTUR-2,2F,QTUR-2-2F,31,QTUR-2-2F-31,1,QTUR-2-2F-1,22,4.6,21.1,13.55,29.13,759
760,QTUR,2,QTUR-2,2F,QTUR-2-2F,31,QTUR-2-2F-31,2,QTUR-2-2F-2,22,4.42,20.98,13.56,28.99,760
761,QTUR,2,QTUR-2,2G,QTUR-2-2G,1,QTUR-2-2G-1,1,QTUR-2-2G-1,12,0.37,18.61,13.26,28.59,761
762,QTUR,2,QTUR-2,2G,QTUR-2-2G,1,QTUR-2-2G-1,2,QTUR-2-2G-2,12,0.27,18.56,13.44,28.72,762
763,QTUR,2,QTUR-2,2H,QTUR-2-2H,21,QTUR-2-2H-21,1,QTUR-2-2H-1,14,2.44,18.4,12.44,27.71,763
764,QTUR,2,QTUR-2,2H,QTUR-2-2H,21,QTUR-2-2H-21,2,QTUR-2-2H-2,14,2.32,18.27,12.61,27.59,764
765,QTUR,2,QTUR-2,2I,QTUR-2-2I,1,QTUR-2-2I-1,1,QTUR-2-2I-1,14,1.36,20.71,16.31,30.97,765
766,QTUR,2,QTUR-2,2I,QTUR-2-2I,1,QTUR-2-2I-1,2,QTUR-2-2I-2,14,1.12,20.57,16.59,31.11,766
767,QTUR,2,QTUR-2,2J,QTUR-2-2J,21,QTUR-2-2J-21,1,QTUR-2-2J-1,18,0.78,16.79,14.08,29.13,767
768,QTUR,2,QTUR-2,2J,QTUR-2-2J,21,QTUR-2-2J-21,2,QTUR-2-2J-2,18,0.7,17.09,14.5,29.9,768
769,QTUR,2,QTUR-2,2K,QTUR-2-2K,21,QTUR-2-2K-21,1,QTUR-2-2K-1,15,3.04,19.22,15.97,29.4,769
770,QTUR,2,QTUR-2,2K,QTUR-2-2K,21,QTUR-2-2K-21,2,QTUR-2-2K-2,15,2.95,19.2,16.23,29.12,770
771,QTUR,2,QTUR-2,2L,QTUR-2-2L,21,QTUR-2-2L-21,1,QTUR-2-2L-1,15,3.97,22.44,15.48,31.58,771
772,QTUR,2,QTUR-2,2L,QTUR-2-2L,21,QTUR-2-2L-21,2,QTUR-2-2L-2,15,4.03,22.27,15.72,31.43,772
773,QTUR,2,QTUR-2,2M,QTUR-2-2M,21,QTUR-2-2M-21,1,QTUR-2-2M-1,18,1.76,19.34,14.2,30.74,773
774,QTUR,2,QTUR-2,2M,QTUR-2-2M,21,QTUR-2-2M-21,2,QTUR-2-2M-2,18,1.56,19.36,14.42,30.48,774
775,QTUR,2,QTUR-2,2N,QTUR-2-2N,31,QTUR-2-2N-31,1,QTUR-2-2N-1,22,4.64,21.84,12.5,29.7,775
776,QTUR,2,QTUR-2,2N,QTUR-2-2N,31,QTUR-2-2N-31,2,QTUR-2-2N-2,22,4.84,21.66,12.76,29.72,776
777,QTUR,2,QTUR-2,2O,QTUR-2-2O,21,QTUR-2-2O-21,1,QTUR-2-2O-1,26,3.86,18.36,14.28,28.68,777
778,QTUR,2,QTUR-2,2O,QTUR-2-2O,21,QTUR-2-2O-21,2,QTUR-2-2O-2,26,4.02,18.62,14.26,28.44,778
779,QTUR,2,QTUR-2,2P,QTUR-2-2P,21,QTUR-2-2P-21,1,QTUR-2-2P-1,27,5.5,22.12,15.72,30.02,779
780,QTUR,2,QTUR-2,2P,QTUR-2-2P,21,QTUR-2-2P-21,2,QTUR-2-2P-2,27,5.7,21.94,15.64,29.96,780
781,QTUR,2,QTUR-2,2Q,QTUR-2-2Q,1,QTUR-2-2Q-1,1,QTUR-2-2Q-1,24,2.66,18.66,13.56,27.02,781
782,QTUR,2,QTUR-2,2Q,QTUR-2-2Q,1,QTUR-2-2Q-1,2,QTUR-2-2Q-2,24,2.42,18.46,13.54,26.96,782
783,QTUR,2,QTUR-2,2R,QTUR-2-2R,31,QTUR-2-2R-31,1,QTUR-2-2R-1,12,2.32,18.18,13.6,29,783
784,QTUR,2,QTUR-2,2R,QTUR-2-2R,31,QTUR-2-2R-31,2,QTUR-2-2R-2,12,2.5,17.82,13.64,29.2,784
785,QTUR,2,QTUR-2,2S,QTUR-2-2S,21,QTUR-2-2S-21,1,QTUR-2-2S-1,14,0,15.32,13.34,26.44,785
786,QTUR,2,QTUR-2,2S,QTUR-2-2S,21,QTUR-2-2S-21,2,QTUR-2-2S-2,14,0,15.62,13.34,26.18,786
787,QTUR,2,QTUR-2,2T,QTUR-2-2T,21,QTUR-2-2T-21,1,QTUR-2-2T-1,13,4.88,23.82,15.18,31.22,787
788,QTUR,2,QTUR-2,2T,QTUR-2-2T,21,QTUR-2-2T-21,2,QTUR-2-2T-2,13,4.62,23.48,15.08,31.54,788
789,QTUR,2,QTUR-2,2U,QTUR-2-2U,1,QTUR-2-2U-1,1,QTUR-2-2U-1,18,3.12,18.26,12.18,29.24,789
790,QTUR,2,QTUR-2,2U,QTUR-2-2U,1,QTUR-2-2U-1,2,QTUR-2-2U-2,18,3.14,18.48,12.46,29.28,790
791,QTUR,2,QTUR-2,2V,QTUR-2-2V,1,QTUR-2-2V-1,1,QTUR-2-2V-1,11,1.66,19.14,13.6,33.6,791
792,QTUR,2,QTUR-2,2V,QTUR-2-2V,1,QTUR-2-2V-1,2,QTUR-2-2V-2,11,1.88,19.4,13.6,33.86,792
793,QTUR,2,QTUR-2,2W,QTUR-2-2W,1,QTUR-2-2W-1,1,QTUR-2-2W-1,11,2.54,21.32,18.02,33.06,793
794,QTUR,2,QTUR-2,2W,QTUR-2-2W,1,QTUR-2-2W-1,2,QTUR-2-2W-2,11,2.48,21.14,17.86,33,794
795,QTUR,2,QTUR-2,2X,QTUR-2-2X,21,QTUR-2-2X-21,1,QTUR-2-2X-1,13,2.4,17.92,12.92,29.14,795
796,QTUR,2,QTUR-2,2X,QTUR-2-2X,21,QTUR-2-2X-21,2,QTUR-2-2X-2,13,2.56,18.12,13.24,28.96,796
797,QTUR,2,QTUR-2,2Y,QTUR-2-2Y,21,QTUR-2-2Y-21,1,QTUR-2-2Y-1,13,2.58,19.02,13.4,27.54,797
798,QTUR,2,QTUR-2,2Y,QTUR-2-2Y,21,QTUR-2-2Y-21,2,QTUR-2-2Y-2,13,2.3,19.34,13.7,27.7,798